layer,count,mean,variance,std,min,max,zero_ratio,sample_count
init_conv.0.conv,3840000,1.0780479949288206,0.8550355953401925,0.9246813480005923,-1.9295316934585571,2.640000104904175,0.0,1024
init_conv.1.conv,40960000,0.3890859375,0.6791160394897462,0.8240849710374205,0.0,8.0,0.752719140625,1024
init_conv.2.conv,81920000,0.2594453125,0.28267602044677737,0.5316728509589119,0.0,8.0,0.779448828125,1024
downsample_1.conv3x3.conv,20480000,0.186171484375,0.2357202565306091,0.4855103052774566,0.0,8.0,0.849007421875,1024
DAB_Block_1.DAB_Module_1_0.conv1x1_in.conv,10240000,0.1630796875,0.20570345302490237,0.4535454255362988,0.0,8.0,0.86496796875,1024
DAB_Block_1.DAB_Module_1_0.conv3x1.conv,5120000,0.029188692760467528,0.1362505621114991,0.36912133792494184,-3.565093994140625,3.975006103515625,0.4818390625,1024
DAB_Block_1.DAB_Module_1_0.conv1x3.conv,5120000,0.1899671875,0.18081403017333986,0.425222330285393,0.0,4.0,0.8228453125,1024
DAB_Block_1.DAB_Module_1_0.dconv3x1.conv,5120000,0.2844953125,0.2854952296655273,0.5343175363634692,0.0,4.0,0.7538140625,1024
DAB_Block_1.DAB_Module_1_0.dconv1x3.conv,5120000,0.2835046875,0.6079547796655274,0.7797145501178796,0.0,8.0,0.8639953125,1024
DAB_Block_1.DAB_Module_1_0.ddconv3x1.conv,5120000,0.2844953125,0.2854952296655273,0.5343175363634692,0.0,4.0,0.7538140625,1024
DAB_Block_1.DAB_Module_1_0.ddconv1x3.conv,5120000,0.21546875,0.4386107177734375,0.6622769192516357,0.0,8.0,0.880228125,1024
DAB_Block_1.DAB_Module_1_0.conv1x1.conv,5120000,0.7023671875,1.6143412714233398,1.2705673029884486,0.0,9.0,0.6569984375,1024
downsample_2.conv3x3.conv,10240000,0.16140625,0.17071989746093752,0.41318264419132794,0.0,5.0,0.85486640625,1024
DAB_Block_2.DAB_Module_2_0.conv1x1_in.conv,2560000,0.101315625,0.10898201913085938,0.3301242480201346,0.0,5.0,0.90705,1024
DAB_Block_2.DAB_Module_2_0.conv3x1.conv,1280000,0.010106468963623046,0.0414515306497598,0.2035964897775986,-2.132568359375,2.26025390625,0.70005625,1024
DAB_Block_2.DAB_Module_2_0.conv1x3.conv,1280000,0.12420625,0.1347165574609375,0.36703754230451346,0.0,4.0,0.88744375,1024
DAB_Block_2.DAB_Module_2_0.dconv3x1.conv,1280000,0.1083,0.12798361,0.3577479699453234,0.0,4.0,0.90559375,1024
DAB_Block_2.DAB_Module_2_0.dconv1x3.conv,1280000,0.03139375,0.0476331824609375,0.21825027482442605,0.0,5.0,0.9757125,1024
DAB_Block_2.DAB_Module_2_0.ddconv3x1.conv,1280000,0.1083,0.12798361,0.3577479699453234,0.0,4.0,0.90559375,1024
DAB_Block_2.DAB_Module_2_0.ddconv1x3.conv,1280000,0.06971875,0.1368955458984375,0.3699939808948755,0.0,8.0,0.9551875,1024
DAB_Block_2.DAB_Module_2_0.conv1x1.conv,1280000,0.15923125,0.2951266590234375,0.5432556111292708,0.0,5.0,0.89291875,1024
downsample_3.conv3x3.conv,2560000,0.10689375,0.1287237262109375,0.35878088885967363,0.0,7.0,0.907684375,1024
DAB_Block_3.DAB_Module_3_0.conv1x1_in.conv,320000,0.164125,0.174587984375,0.41783727020815176,0.0,4.0,0.852175,1024
DAB_Block_3.DAB_Module_3_0.conv3x1.conv,160000,-0.0034809554498642682,0.04533718413694951,0.2129253017772888,-1.8609402179718018,1.395704984664917,0.4174,1024
DAB_Block_3.DAB_Module_3_0.conv1x3.conv,160000,0.19505,0.1871054975,0.432556929779191,0.0,4.0,0.81905,1024
DAB_Block_3.DAB_Module_3_0.dconv3x1.conv,160000,0.18335,0.1851327775,0.4302705863755969,0.0,4.0,0.83335,1024
DAB_Block_3.DAB_Module_3_0.dconv1x3.conv,160000,0.0669,0.09952438999999999,0.3154748642919115,0.0,4.0,0.94735,1024
DAB_Block_3.DAB_Module_3_0.ddconv3x1.conv,160000,0.18335,0.1851327775,0.4302705863755969,0.0,4.0,0.83335,1024
DAB_Block_3.DAB_Module_3_0.ddconv1x3.conv,160000,0.04885,0.07166367750000001,0.26770072375695964,0.0,4.0,0.9621,1024
DAB_Block_3.DAB_Module_3_0.conv1x1.conv,160000,0.27525,0.3374874375,0.5809366897519901,0.0,4.0,0.78405,1024
transformer1.atten.reduce,360000,0.022014985162130043,0.062196666442357995,0.24939259500305536,-0.7662849426269531,7.393906593322754,0.3366777777777778,1024
transformer1.atten.qkv,180000,-0.0026896305097025065,0.22799839673933556,0.47749177661959324,-5.585666656494141,5.331772804260254,0.9074166666666666,1024
transformer1.atten.proj,180000,0.005021783837753193,0.3777871182923856,0.6146438955138053,-5.179788112640381,7.598489284515381,0.9583333333333334,1024
transformer1.mlp.fc1,360000,1.5698505166470616e-42,5.219432560148858e-81,7.224564042313458e-41,-2.5583085673638888e-40,4.6255320879051454e-40,1.0,1024
transformer1.mlp.fc2,90000,0.00041752740168504997,2.249143255874514e-06,0.001499714391434087,0.0,0.007999496534466743,0.8055555555555556,1024
DAB_Block_4.DAB_Module_4_0.conv1x1_in.conv,320000,0.9207285987782329,32.33766946045145,5.686621972705013,-19.286867141723633,53.99003219604492,0.2583,1024
DAB_Block_4.DAB_Module_4_0.conv3x1.conv,160000,0.0,0.0,0.0,0.0,0.0,1.0,1024
DAB_Block_4.DAB_Module_4_0.conv1x3.conv,160000,0.0,0.0,0.0,0.0,0.0,1.0,1024
DAB_Block_4.DAB_Module_4_0.dconv3x1.conv,160000,0.0,0.0,0.0,0.0,0.0,1.0,1024
DAB_Block_4.DAB_Module_4_0.dconv1x3.conv,160000,0.0,0.0,0.0,0.0,0.0,1.0,1024
DAB_Block_4.DAB_Module_4_0.ddconv3x1.conv,160000,0.0,0.0,0.0,0.0,0.0,1.0,1024
DAB_Block_4.DAB_Module_4_0.ddconv1x3.conv,160000,0.0,0.0,0.0,0.0,0.0,1.0,1024
DAB_Block_4.DAB_Module_4_0.conv1x1.conv,160000,0.0,0.0,0.0,0.0,0.0,1.0,1024
upsample_1.conv,320000,0.3047,0.34905790999999997,0.5908112304281292,0.0,5.0,0.7528,1024
DAB_Block_5.DAB_Module_5_0.conv1x1_in.conv,640000,0.2985125,0.28795278734375,0.5366123250017185,0.0,5.0,0.73715,1024
DAB_Block_5.DAB_Module_5_0.conv3x1.conv,320000,-0.06801295827254653,0.06934848812259718,0.2633410110913171,-2.0626730918884277,1.7680054903030396,0.223475,1024
DAB_Block_5.DAB_Module_5_0.conv1x3.conv,320000,0.2557,0.24191751000000003,0.49185110551873323,0.0,4.0,0.76845,1024
DAB_Block_5.DAB_Module_5_0.dconv3x1.conv,320000,0.158625,0.21391310937500002,0.4625074154810926,0.0,7.0,0.873775,1024
DAB_Block_5.DAB_Module_5_0.dconv1x3.conv,320000,0.0,0.0,0.0,0.0,0.0,1.0,1024
DAB_Block_5.DAB_Module_5_0.ddconv3x1.conv,320000,0.158625,0.21391310937500002,0.4625074154810926,0.0,7.0,0.873775,1024
DAB_Block_5.DAB_Module_5_0.ddconv1x3.conv,320000,0.23195,0.48234919750000005,0.6945136409747472,0.0,8.0,0.866825,1024
DAB_Block_5.DAB_Module_5_0.conv1x1.conv,320000,0.5127,1.73538871,1.3173415312666643,0.0,14.0,0.789775,1024
upsample_2.conv,640000,0.498025,0.563021099375,0.7503473191629327,0.0,7.0,0.628875,1024
DAB_Block_6.DAB_Module_6_0.conv1x1_in.conv,2560000,0.297346875,0.27916296092773435,0.5283587426434186,0.0,4.0,0.735465625,1024
DAB_Block_6.DAB_Module_6_0.conv3x1.conv,1280000,-0.0025954966488294304,0.16212324643987083,0.40264531096222994,-2.1675190925598145,2.7868106365203857,0.1531875,1024
DAB_Block_6.DAB_Module_6_0.conv1x3.conv,1280000,0.29520625,0.28059701996093744,0.5297140926584241,0.0,4.0,0.738725,1024
DAB_Block_6.DAB_Module_6_0.dconv3x1.conv,1280000,0.3679125,0.35962789234375003,0.5996898301153273,0.0,3.0,0.69408125,1024
DAB_Block_6.DAB_Module_6_0.dconv1x3.conv,1280000,0.5796125,1.26457434984375,1.1245329474247299,0.0,8.0,0.73856875,1024
DAB_Block_6.DAB_Module_6_0.ddconv3x1.conv,1280000,0.3679125,0.35962789234375003,0.5996898301153273,0.0,3.0,0.69408125,1024
DAB_Block_6.DAB_Module_6_0.ddconv1x3.conv,1280000,0.2422875,0.48153426734375004,0.6939267017082928,0.0,6.0,0.86533125,1024
DAB_Block_6.DAB_Module_6_0.conv1x1.conv,1280000,0.98811875,3.6348150858984374,1.906519101897077,0.0,11.0,0.6156125,1024
upsample_3.conv,2560000,0.81296875,0.9980630615234376,0.999031061340656,0.0,7.0,0.494846875,1024
PA3.conv,0,nan,nan,nan,,,nan,0
LC1.dconv3x1,10240000,0.16140625,0.17071989746093752,0.41318264419132794,0.0,5.0,0.85486640625,1024
LC1.dconv1x3,5120000,-0.038318989203700235,0.1939940701826811,0.4404475793811122,-3.5692691802978516,2.878053665161133,0.0,1024
LC2.dconv3x1,2560000,0.10689375,0.1287237262109375,0.35878088885967363,0.0,7.0,0.907684375,1024
LC2.dconv1x3,1280000,0.017859447417997262,0.08973299672120666,0.2995546639950823,-2.6827926635742188,2.6637582778930664,0.0,1024
LC3.dconv3x1,40000,0.196975,0.226725849375,0.47615737878877823,0.0,6.0,0.8317,1024
LC3.dconv1x3,20000,0.008008220899268054,0.1793127941501263,0.4234534143800547,-1.8780951499938965,2.2791669368743896,0.0,1024
final_conv,10240000,0.320959375,0.3825538295996094,0.6185093609636069,0.0,6.0,0.7467609375,1024
classifier.0.conv,40960000,-0.3747630306982524,3.0232206523986123,1.7387411113787505,-9.845586776733398,10.625638961791992,0.0,1024
