variant,checkpoint_kind,precision,layer,op_type,calls,classifications,input_elems,input_sum,input_nonzero,mean_spikes_per_input,nonzero_ratio,dense_macs_total,dense_macs_charged,sop_total,ac_charged,core_energy_pj,mem_energy_pj,neuron_energy_pj,total_energy_pj
small,fp,fp,init_conv.0.conv,conv2d,1,"{""dense"": 1}",480000,191136.9375,480000,0.398201953125,1.0,138240000.0,138240000.0,0.0,0.0,138240000.0,0.0,0.0,138240000.0
small,fp,fp,init_conv.1.conv,conv2d,1,"{""dense"": 1}",5120000,3213427.0,1366726,0.6276224609375,0.266938671875,1474560000.0,1474560000.0,0.0,0.0,1474560000.0,0.0,0.0,1474560000.0
small,fp,fp,downsample_1.conv3x3.conv,conv2d,1,"{""dense"": 1}",5120000,1146438.625,5120000,0.2239137939453125,1.0,368640000.0,368640000.0,0.0,0.0,368640000.0,0.0,0.0,368640000.0
small,fp,fp,downsample_1.conv,conv2d,1,"{""dense"": 1}",5120000,1442479.0,1063221,0.2817341796875,0.2076603515625,1474560000.0,1474560000.0,0.0,0.0,1474560000.0,0.0,0.0,1474560000.0
small,fp,fp,DAB_Block_1.DAB_Module_1_0.conv1x1_in.conv,conv2d,1,"{""dense"": 1}",2560000,856167.0,728267,0.334440234375,0.284479296875,81920000.0,81920000.0,0.0,0.0,81920000.0,0.0,0.0,81920000.0
small,fp,fp,DAB_Block_1.DAB_Module_1_0.conv3x1.conv,conv2d,1,"{""dense"": 1}",1280000,618730.0,456056,0.4833828125,0.35629375,122880000.0,122880000.0,0.0,0.0,122880000.0,0.0,0.0,122880000.0
small,fp,fp,DAB_Block_1.DAB_Module_1_0.conv1x3.conv,conv2d,1,"{""dense"": 1}",1280000,403608.0,343964,0.31531875,0.268721875,122880000.0,122880000.0,0.0,0.0,122880000.0,0.0,0.0,122880000.0
small,fp,fp,DAB_Block_1.DAB_Module_1_0.dconv3x1.conv,conv2d,1,"{""dense"": 1}",1280000,455295.0,380095,0.35569921875,0.29694921875,3840000.0,3840000.0,0.0,0.0,3840000.0,0.0,0.0,3840000.0
small,fp,fp,DAB_Block_1.DAB_Module_1_0.dconv1x3.conv,conv2d,1,"{""dense"": 1}",1280000,133858.0,91811,0.1045765625,0.07172734375,3840000.0,3840000.0,0.0,0.0,3840000.0,0.0,0.0,3840000.0
small,fp,fp,DAB_Block_1.DAB_Module_1_0.ddconv3x1.conv,conv2d,1,"{""dense"": 1}",1280000,455295.0,380095,0.35569921875,0.29694921875,3840000.0,3840000.0,0.0,0.0,3840000.0,0.0,0.0,3840000.0
small,fp,fp,DAB_Block_1.DAB_Module_1_0.ddconv1x3.conv,conv2d,1,"{""dense"": 1}",1280000,95982.0,69455,0.0749859375,0.05426171875,3840000.0,3840000.0,0.0,0.0,3840000.0,0.0,0.0,3840000.0
small,fp,fp,DAB_Block_1.DAB_Module_1_0.conv1x1.conv,conv2d,1,"{""dense"": 1}",1280000,686166.0,408659,0.5360671875,0.31926484375,81920000.0,81920000.0,0.0,0.0,81920000.0,0.0,0.0,81920000.0
small,fp,fp,downsample_2.conv3x3.conv,conv2d,1,"{""dense"": 1}",2560000,1008557.1875,2560000,0.3939676513671875,1.0,368640000.0,368640000.0,0.0,0.0,368640000.0,0.0,0.0,368640000.0
small,fp,fp,downsample_2.conv,conv2d,1,"{""dense"": 1}",2560000,1362676.0,1061415,0.5322953125,0.414615234375,1474560000.0,1474560000.0,0.0,0.0,1474560000.0,0.0,0.0,1474560000.0
small,fp,fp,DAB_Block_2.DAB_Module_2_0.conv1x1_in.conv,conv2d,1,"{""dense"": 1}",640000,214578.0,146701,0.335278125,0.2292203125,20480000.0,20480000.0,0.0,0.0,20480000.0,0.0,0.0,20480000.0
small,fp,fp,DAB_Block_2.DAB_Module_2_0.conv3x1.conv,conv2d,1,"{""dense"": 1}",320000,122615.0,94320,0.383171875,0.29475,30720000.0,30720000.0,0.0,0.0,30720000.0,0.0,0.0,30720000.0
small,fp,fp,DAB_Block_2.DAB_Module_2_0.conv1x3.conv,conv2d,1,"{""dense"": 1}",320000,80250.0,76081,0.25078125,0.237753125,30720000.0,30720000.0,0.0,0.0,30720000.0,0.0,0.0,30720000.0
small,fp,fp,DAB_Block_2.DAB_Module_2_0.dconv3x1.conv,conv2d,1,"{""dense"": 1}",320000,30187.0,29380,0.094334375,0.0918125,960000.0,960000.0,0.0,0.0,960000.0,0.0,0.0,960000.0
small,fp,fp,DAB_Block_2.DAB_Module_2_0.dconv1x3.conv,conv2d,1,"{""dense"": 1}",320000,654.0,637,0.00204375,0.001990625,960000.0,960000.0,0.0,0.0,960000.0,0.0,0.0,960000.0
small,fp,fp,DAB_Block_2.DAB_Module_2_0.ddconv3x1.conv,conv2d,1,"{""dense"": 1}",320000,30187.0,29380,0.094334375,0.0918125,960000.0,960000.0,0.0,0.0,960000.0,0.0,0.0,960000.0
small,fp,fp,DAB_Block_2.DAB_Module_2_0.ddconv1x3.conv,conv2d,1,"{""dense"": 1}",320000,6770.0,6473,0.02115625,0.020228125,960000.0,960000.0,0.0,0.0,960000.0,0.0,0.0,960000.0
small,fp,fp,DAB_Block_2.DAB_Module_2_0.conv1x1.conv,conv2d,1,"{""dense"": 1}",320000,40162.0,36801,0.12550625,0.115003125,20480000.0,20480000.0,0.0,0.0,20480000.0,0.0,0.0,20480000.0
small,fp,fp,downsample_3.conv3x3.conv,conv2d,1,"{""dense"": 1}",640000,158413.125,640000,0.2475205078125,1.0,46080000.0,46080000.0,0.0,0.0,46080000.0,0.0,0.0,46080000.0
small,fp,fp,downsample_3.conv,conv2d,1,"{""dense"": 1}",640000,153898.0,125465,0.240465625,0.1960390625,368640000.0,368640000.0,0.0,0.0,368640000.0,0.0,0.0,368640000.0
small,fp,fp,DAB_Block_3.DAB_Module_3_0.conv1x1_in.conv,conv2d,1,"{""dense"": 1}",80000,24615.0,22778,0.3076875,0.284725,1280000.0,1280000.0,0.0,0.0,1280000.0,0.0,0.0,1280000.0
small,fp,fp,DAB_Block_3.DAB_Module_3_0.conv3x1.conv,conv2d,1,"{""dense"": 1}",40000,14354.0,12424,0.35885,0.3106,1920000.0,1920000.0,0.0,0.0,1920000.0,0.0,0.0,1920000.0
small,fp,fp,DAB_Block_3.DAB_Module_3_0.conv1x3.conv,conv2d,1,"{""dense"": 1}",40000,10794.0,9824,0.26985,0.2456,1920000.0,1920000.0,0.0,0.0,1920000.0,0.0,0.0,1920000.0
small,fp,fp,DAB_Block_3.DAB_Module_3_0.dconv3x1.conv,conv2d,1,"{""dense"": 1}",40000,12678.0,11291,0.31695,0.282275,120000.0,120000.0,0.0,0.0,120000.0,0.0,0.0,120000.0
small,fp,fp,DAB_Block_3.DAB_Module_3_0.dconv1x3.conv,conv2d,1,"{""spike"": 1}",40000,270.0,270,0.00675,0.00675,120000.0,0.0,810.0,810.0,810.0,0.0,0.0,810.0
small,fp,fp,DAB_Block_3.DAB_Module_3_0.ddconv3x1.conv,conv2d,1,"{""dense"": 1}",40000,12678.0,11291,0.31695,0.282275,120000.0,120000.0,0.0,0.0,120000.0,0.0,0.0,120000.0
small,fp,fp,DAB_Block_3.DAB_Module_3_0.ddconv1x3.conv,conv2d,1,"{""dense"": 1}",40000,763.0,756,0.019075,0.0189,120000.0,120000.0,0.0,0.0,120000.0,0.0,0.0,120000.0
small,fp,fp,DAB_Block_3.DAB_Module_3_0.conv1x1.conv,conv2d,1,"{""dense"": 1}",40000,14120.0,12416,0.353,0.3104,1280000.0,1280000.0,0.0,0.0,1280000.0,0.0,0.0,1280000.0
small,fp,fp,transformer1.atten.reduce,linear,1,"{""dense"": 1}",720000,99358.546875,720000,0.13799798177083333,1.0,103680000.0,103680000.0,0.0,0.0,103680000.0,0.0,0.0,103680000.0
small,fp,fp,transformer1.atten.qkv,linear,1,"{""dense"": 1}",360000,90786.578125,360000,0.2521849392361111,1.0,155520000.0,155520000.0,0.0,0.0,155520000.0,0.0,0.0,155520000.0
small,fp,fp,transformer1.atten.proj,linear,1,"{""dense"": 1}",360000,83465.875,360000,0.23184965277777778,1.0,103680000.0,103680000.0,0.0,0.0,103680000.0,0.0,0.0,103680000.0
small,fp,fp,transformer1.mlp.fc1,linear,1,"{""dense"": 1}",720000,2.2636178455294896e-35,719997,3.1439136743465135e-41,0.9999958333333333,51840000.0,51840000.0,0.0,0.0,51840000.0,0.0,0.0,51840000.0
small,fp,fp,transformer1.mlp.fc2,linear,1,"{""dense"": 1}",180000,4.4591852164721484e-32,122500,2.4773251202623046e-37,0.6805555555555556,51840000.0,51840000.0,0.0,0.0,51840000.0,0.0,0.0,51840000.0
small,fp,fp,DAB_Block_4.DAB_Module_4_0.conv1x1_in.conv,conv2d,1,"{""dense"": 1}",80000,283048.25,80000,3.538103125,1.0,1280000.0,1280000.0,0.0,0.0,1280000.0,0.0,0.0,1280000.0
small,fp,fp,DAB_Block_4.DAB_Module_4_0.conv3x1.conv,conv2d,1,"{""spike"": 1}",40000,0.0,0,0.0,0.0,1920000.0,0.0,0.0,0.0,0.0,0.0,0.0,0.0
small,fp,fp,DAB_Block_4.DAB_Module_4_0.conv1x3.conv,conv2d,1,"{""spike"": 1}",40000,0.0,0,0.0,0.0,1920000.0,0.0,0.0,0.0,0.0,0.0,0.0,0.0
small,fp,fp,DAB_Block_4.DAB_Module_4_0.dconv3x1.conv,conv2d,1,"{""spike"": 1}",40000,0.0,0,0.0,0.0,120000.0,0.0,0.0,0.0,0.0,0.0,0.0,0.0
small,fp,fp,DAB_Block_4.DAB_Module_4_0.dconv1x3.conv,conv2d,1,"{""spike"": 1}",40000,0.0,0,0.0,0.0,120000.0,0.0,0.0,0.0,0.0,0.0,0.0,0.0
small,fp,fp,DAB_Block_4.DAB_Module_4_0.ddconv3x1.conv,conv2d,1,"{""spike"": 1}",40000,0.0,0,0.0,0.0,120000.0,0.0,0.0,0.0,0.0,0.0,0.0,0.0
small,fp,fp,DAB_Block_4.DAB_Module_4_0.ddconv1x3.conv,conv2d,1,"{""spike"": 1}",40000,0.0,0,0.0,0.0,120000.0,0.0,0.0,0.0,0.0,0.0,0.0,0.0
small,fp,fp,DAB_Block_4.DAB_Module_4_0.conv1x1.conv,conv2d,1,"{""spike"": 1}",40000,0.0,0,0.0,0.0,1280000.0,0.0,0.0,0.0,0.0,0.0,0.0,0.0
small,fp,fp,upsample_1.conv,conv_transpose2d,1,"{""dense"": 1}",80000,59969.0,39611,0.7496125,0.4951375,23040000.0,23040000.0,0.0,0.0,23040000.0,0.0,0.0,23040000.0
small,fp,fp,DAB_Block_5.DAB_Module_5_0.conv1x1_in.conv,conv2d,1,"{""dense"": 1}",320000,126059.0,104072,0.393934375,0.325225,5120000.0,5120000.0,0.0,0.0,5120000.0,0.0,0.0,5120000.0
small,fp,fp,DAB_Block_5.DAB_Module_5_0.conv3x1.conv,conv2d,1,"{""dense"": 1}",160000,40496.0,34396,0.2531,0.214975,7680000.0,7680000.0,0.0,0.0,7680000.0,0.0,0.0,7680000.0
small,fp,fp,DAB_Block_5.DAB_Module_5_0.conv1x3.conv,conv2d,1,"{""dense"": 1}",160000,23344.0,22622,0.1459,0.1413875,7680000.0,7680000.0,0.0,0.0,7680000.0,0.0,0.0,7680000.0
small,fp,fp,DAB_Block_5.DAB_Module_5_0.dconv3x1.conv,conv2d,1,"{""dense"": 1}",160000,22982.0,22563,0.1436375,0.14101875,480000.0,480000.0,0.0,0.0,480000.0,0.0,0.0,480000.0
small,fp,fp,DAB_Block_5.DAB_Module_5_0.dconv1x3.conv,conv2d,1,"{""spike"": 1}",160000,0.0,0,0.0,0.0,480000.0,0.0,0.0,0.0,0.0,0.0,0.0,0.0
small,fp,fp,DAB_Block_5.DAB_Module_5_0.ddconv3x1.conv,conv2d,1,"{""dense"": 1}",160000,22982.0,22563,0.1436375,0.14101875,480000.0,480000.0,0.0,0.0,480000.0,0.0,0.0,480000.0
small,fp,fp,DAB_Block_5.DAB_Module_5_0.ddconv1x3.conv,conv2d,1,"{""dense"": 1}",160000,31177.0,24825,0.19485625,0.15515625,480000.0,480000.0,0.0,0.0,480000.0,0.0,0.0,480000.0
small,fp,fp,DAB_Block_5.DAB_Module_5_0.conv1x1.conv,conv2d,1,"{""dense"": 1}",160000,42132.0,28513,0.263325,0.17820625,5120000.0,5120000.0,0.0,0.0,5120000.0,0.0,0.0,5120000.0
small,fp,fp,upsample_2.conv,conv_transpose2d,1,"{""dense"": 1}",320000,218702.0,151401,0.68344375,0.473128125,92160000.0,92160000.0,0.0,0.0,92160000.0,0.0,0.0,92160000.0
small,fp,fp,DAB_Block_6.DAB_Module_6_0.conv1x1_in.conv,conv2d,1,"{""dense"": 1}",1280000,593664.0,483457,0.4638,0.37770078125,20480000.0,20480000.0,0.0,0.0,20480000.0,0.0,0.0,20480000.0
small,fp,fp,DAB_Block_6.DAB_Module_6_0.conv3x1.conv,conv2d,1,"{""dense"": 1}",640000,258533.0,216062,0.4039578125,0.337596875,30720000.0,30720000.0,0.0,0.0,30720000.0,0.0,0.0,30720000.0
small,fp,fp,DAB_Block_6.DAB_Module_6_0.conv1x3.conv,conv2d,1,"{""dense"": 1}",640000,317083.0,276273,0.4954421875,0.4316765625,30720000.0,30720000.0,0.0,0.0,30720000.0,0.0,0.0,30720000.0
small,fp,fp,DAB_Block_6.DAB_Module_6_0.dconv3x1.conv,conv2d,1,"{""dense"": 1}",640000,299889.0,232309,0.4685765625,0.3629828125,1920000.0,1920000.0,0.0,0.0,1920000.0,0.0,0.0,1920000.0
small,fp,fp,DAB_Block_6.DAB_Module_6_0.dconv1x3.conv,conv2d,1,"{""dense"": 1}",640000,100485.0,60497,0.1570078125,0.0945265625,1920000.0,1920000.0,0.0,0.0,1920000.0,0.0,0.0,1920000.0
small,fp,fp,DAB_Block_6.DAB_Module_6_0.ddconv3x1.conv,conv2d,1,"{""dense"": 1}",640000,299889.0,232309,0.4685765625,0.3629828125,1920000.0,1920000.0,0.0,0.0,1920000.0,0.0,0.0,1920000.0
small,fp,fp,DAB_Block_6.DAB_Module_6_0.ddconv1x3.conv,conv2d,1,"{""dense"": 1}",640000,209692.0,143057,0.32764375,0.2235265625,1920000.0,1920000.0,0.0,0.0,1920000.0,0.0,0.0,1920000.0
small,fp,fp,DAB_Block_6.DAB_Module_6_0.conv1x1.conv,conv2d,1,"{""dense"": 1}",640000,579676.0,262416,0.90574375,0.410025,20480000.0,20480000.0,0.0,0.0,20480000.0,0.0,0.0,20480000.0
small,fp,fp,upsample_3.conv,conv_transpose2d,1,"{""dense"": 1}",1280000,1520887.0,862431,1.18819296875,0.67377421875,368640000.0,368640000.0,0.0,0.0,368640000.0,0.0,0.0,368640000.0
small,fp,fp,PA3.conv,conv2d,0,{},0,0.0,0,nan,nan,0.0,0.0,0.0,0.0,0.0,0.0,0.0,0.0
small,fp,fp,LC1.dconv3x1,conv2d,1,"{""dense"": 1}",2560000,1362676.0,1061415,0.5322953125,0.414615234375,245760000.0,245760000.0,0.0,0.0,245760000.0,0.0,0.0,245760000.0
small,fp,fp,LC1.dconv1x3,conv2d,1,"{""dense"": 1}",1280000,261943.65625,1280000,0.2046434814453125,1.0,122880000.0,122880000.0,0.0,0.0,122880000.0,0.0,0.0,122880000.0
small,fp,fp,LC2.dconv3x1,conv2d,1,"{""dense"": 1}",640000,153898.0,125465,0.240465625,0.1960390625,61440000.0,61440000.0,0.0,0.0,61440000.0,0.0,0.0,61440000.0
small,fp,fp,LC2.dconv1x3,conv2d,1,"{""dense"": 1}",320000,44660.48828125,320000,0.13956402587890626,1.0,30720000.0,30720000.0,0.0,0.0,30720000.0,0.0,0.0,30720000.0
small,fp,fp,LC3.dconv3x1,conv2d,1,"{""dense"": 1}",80000,23668.0,21881,0.29585,0.2735125,3840000.0,3840000.0,0.0,0.0,3840000.0,0.0,0.0,3840000.0
small,fp,fp,LC3.dconv1x3,conv2d,1,"{""dense"": 1}",40000,7711.0673828125,40000,0.1927766845703125,1.0,3840000.0,3840000.0,0.0,0.0,3840000.0,0.0,0.0,3840000.0
small,fp,fp,final_conv,conv2d,1,"{""dense"": 1}",5120000,2633675.0,1652263,0.5143896484375,0.3227076171875,1474560000.0,1474560000.0,0.0,0.0,1474560000.0,0.0,0.0,1474560000.0
small,fp,fp,classifier.0.conv,conv2d,1,"{""dense"": 1}",5120000,3927692.0,5120000,0.76712734375,1.0,30720000.0,30720000.0,0.0,0.0,30720000.0,0.0,0.0,30720000.0
small,qat,int4,init_conv.0.conv,conv2d,1,"{""dense"": 1}",480000,192028.890625,480000,0.4000601888020833,1.0,138240000.0,138240000.0,0.0,0.0,138240000.0,0.0,0.0,138240000.0
small,qat,int4,init_conv.1.conv,conv2d,1,"{""dense"": 1}",5120000,2539513.0,1242434,0.4959986328125,0.242662890625,1474560000.0,1474560000.0,0.0,0.0,1474560000.0,0.0,0.0,1474560000.0
small,qat,int4,downsample_1.conv3x3.conv,conv2d,1,"{""dense"": 1}",5120000,1454823.375,5120000,0.2841451904296875,1.0,368640000.0,368640000.0,0.0,0.0,368640000.0,0.0,0.0,368640000.0
small,qat,int4,downsample_1.conv,conv2d,1,"{""dense"": 1}",5120000,1675898.0,1264112,0.327323828125,0.246896875,1474560000.0,1474560000.0,0.0,0.0,1474560000.0,0.0,0.0,1474560000.0
small,qat,int4,DAB_Block_1.DAB_Module_1_0.conv1x1_in.conv,conv2d,1,"{""dense"": 1}",2560000,1122401.0,812620,0.438437890625,0.3174296875,81920000.0,81920000.0,0.0,0.0,81920000.0,0.0,0.0,81920000.0
small,qat,int4,DAB_Block_1.DAB_Module_1_0.conv3x1.conv,conv2d,1,"{""dense"": 1}",1280000,350842.0,330870,0.2740953125,0.2584921875,122880000.0,122880000.0,0.0,0.0,122880000.0,0.0,0.0,122880000.0
small,qat,int4,DAB_Block_1.DAB_Module_1_0.conv1x3.conv,conv2d,1,"{""dense"": 1}",1280000,222571.0,200275,0.17388359375,0.15646484375,122880000.0,122880000.0,0.0,0.0,122880000.0,0.0,0.0,122880000.0
small,qat,int4,DAB_Block_1.DAB_Module_1_0.dconv3x1.conv,conv2d,1,"{""dense"": 1}",1280000,267831.0,253533,0.20924296875,0.19807265625,3840000.0,3840000.0,0.0,0.0,3840000.0,0.0,0.0,3840000.0
small,qat,int4,DAB_Block_1.DAB_Module_1_0.dconv1x3.conv,conv2d,1,"{""dense"": 1}",1280000,117919.0,79203,0.09212421875,0.06187734375,3840000.0,3840000.0,0.0,0.0,3840000.0,0.0,0.0,3840000.0
small,qat,int4,DAB_Block_1.DAB_Module_1_0.ddconv3x1.conv,conv2d,1,"{""dense"": 1}",1280000,267831.0,253533,0.20924296875,0.19807265625,3840000.0,3840000.0,0.0,0.0,3840000.0,0.0,0.0,3840000.0
small,qat,int4,DAB_Block_1.DAB_Module_1_0.ddconv1x3.conv,conv2d,1,"{""dense"": 1}",1280000,79213.0,61421,0.06188515625,0.04798515625,3840000.0,3840000.0,0.0,0.0,3840000.0,0.0,0.0,3840000.0
small,qat,int4,DAB_Block_1.DAB_Module_1_0.conv1x1.conv,conv2d,1,"{""dense"": 1}",1280000,581263.0,293481,0.45411171875,0.22928203125,81920000.0,81920000.0,0.0,0.0,81920000.0,0.0,0.0,81920000.0
small,qat,int4,downsample_2.conv3x3.conv,conv2d,1,"{""dense"": 1}",2560000,1048809.0,2560000,0.409691015625,1.0,368640000.0,368640000.0,0.0,0.0,368640000.0,0.0,0.0,368640000.0
small,qat,int4,downsample_2.conv,conv2d,1,"{""dense"": 1}",2560000,1244333.0,1062658,0.486067578125,0.41510078125,1474560000.0,1474560000.0,0.0,0.0,1474560000.0,0.0,0.0,1474560000.0
small,qat,int4,DAB_Block_2.DAB_Module_2_0.conv1x1_in.conv,conv2d,1,"{""dense"": 1}",640000,151729.0,93379,0.2370765625,0.1459046875,20480000.0,20480000.0,0.0,0.0,20480000.0,0.0,0.0,20480000.0
small,qat,int4,DAB_Block_2.DAB_Module_2_0.conv3x1.conv,conv2d,1,"{""dense"": 1}",320000,91582.0,73462,0.28619375,0.22956875,30720000.0,30720000.0,0.0,0.0,30720000.0,0.0,0.0,30720000.0
small,qat,int4,DAB_Block_2.DAB_Module_2_0.conv1x3.conv,conv2d,1,"{""dense"": 1}",320000,85832.0,85242,0.268225,0.26638125,30720000.0,30720000.0,0.0,0.0,30720000.0,0.0,0.0,30720000.0
small,qat,int4,DAB_Block_2.DAB_Module_2_0.dconv3x1.conv,conv2d,1,"{""dense"": 1}",320000,33148.0,32655,0.1035875,0.102046875,960000.0,960000.0,0.0,0.0,960000.0,0.0,0.0,960000.0
small,qat,int4,DAB_Block_2.DAB_Module_2_0.dconv1x3.conv,conv2d,1,"{""dense"": 1}",320000,1912.0,1865,0.005975,0.005828125,960000.0,960000.0,0.0,0.0,960000.0,0.0,0.0,960000.0
small,qat,int4,DAB_Block_2.DAB_Module_2_0.ddconv3x1.conv,conv2d,1,"{""dense"": 1}",320000,33148.0,32655,0.1035875,0.102046875,960000.0,960000.0,0.0,0.0,960000.0,0.0,0.0,960000.0
small,qat,int4,DAB_Block_2.DAB_Module_2_0.ddconv1x3.conv,conv2d,1,"{""dense"": 1}",320000,14545.0,13877,0.045453125,0.043365625,960000.0,960000.0,0.0,0.0,960000.0,0.0,0.0,960000.0
small,qat,int4,DAB_Block_2.DAB_Module_2_0.conv1x1.conv,conv2d,1,"{""dense"": 1}",320000,65186.0,43252,0.20370625,0.1351625,20480000.0,20480000.0,0.0,0.0,20480000.0,0.0,0.0,20480000.0
small,qat,int4,downsample_3.conv3x3.conv,conv2d,1,"{""dense"": 1}",640000,151660.75,640000,0.236969921875,1.0,46080000.0,46080000.0,0.0,0.0,46080000.0,0.0,0.0,46080000.0
small,qat,int4,downsample_3.conv,conv2d,1,"{""dense"": 1}",640000,138313.0,113238,0.2161140625,0.176934375,368640000.0,368640000.0,0.0,0.0,368640000.0,0.0,0.0,368640000.0
small,qat,int4,DAB_Block_3.DAB_Module_3_0.conv1x1_in.conv,conv2d,1,"{""dense"": 1}",80000,26467.0,16913,0.3308375,0.2114125,1280000.0,1280000.0,0.0,0.0,1280000.0,0.0,0.0,1280000.0
small,qat,int4,DAB_Block_3.DAB_Module_3_0.conv3x1.conv,conv2d,1,"{""dense"": 1}",40000,20855.0,16541,0.521375,0.413525,1920000.0,1920000.0,0.0,0.0,1920000.0,0.0,0.0,1920000.0
small,qat,int4,DAB_Block_3.DAB_Module_3_0.conv1x3.conv,conv2d,1,"{""dense"": 1}",40000,10120.0,7400,0.253,0.185,1920000.0,1920000.0,0.0,0.0,1920000.0,0.0,0.0,1920000.0
small,qat,int4,DAB_Block_3.DAB_Module_3_0.dconv3x1.conv,conv2d,1,"{""dense"": 1}",40000,15558.0,8554,0.38895,0.21385,120000.0,120000.0,0.0,0.0,120000.0,0.0,0.0,120000.0
small,qat,int4,DAB_Block_3.DAB_Module_3_0.dconv1x3.conv,conv2d,1,"{""spike"": 1}",40000,0.0,0,0.0,0.0,120000.0,0.0,0.0,0.0,0.0,0.0,0.0,0.0
small,qat,int4,DAB_Block_3.DAB_Module_3_0.ddconv3x1.conv,conv2d,1,"{""dense"": 1}",40000,15558.0,8554,0.38895,0.21385,120000.0,120000.0,0.0,0.0,120000.0,0.0,0.0,120000.0
small,qat,int4,DAB_Block_3.DAB_Module_3_0.ddconv1x3.conv,conv2d,1,"{""dense"": 1}",40000,415.0,350,0.010375,0.00875,120000.0,120000.0,0.0,0.0,120000.0,0.0,0.0,120000.0
small,qat,int4,DAB_Block_3.DAB_Module_3_0.conv1x1.conv,conv2d,1,"{""dense"": 1}",40000,16299.0,8976,0.407475,0.2244,1280000.0,1280000.0,0.0,0.0,1280000.0,0.0,0.0,1280000.0
small,qat,int4,transformer1.atten.reduce,linear,1,"{""dense"": 1}",720000,97495.765625,720000,0.13541078559027778,1.0,103680000.0,103680000.0,0.0,0.0,103680000.0,0.0,0.0,103680000.0
small,qat,int4,transformer1.atten.qkv,linear,1,"{""dense"": 1}",360000,97048.5078125,142500,0.26957918836805556,0.3958333333333333,155520000.0,155520000.0,0.0,0.0,155520000.0,0.0,0.0,155520000.0
small,qat,int4,transformer1.atten.proj,linear,1,"{""dense"": 1}",360000,135105.84375,87500,0.37529401041666666,0.24305555555555555,103680000.0,103680000.0,0.0,0.0,103680000.0,0.0,0.0,103680000.0
small,qat,int4,transformer1.mlp.fc1,linear,1,"{""dense"": 1}",720000,2.1161023445579456e-35,719999,2.939031034108258e-41,0.9999986111111111,51840000.0,51840000.0,0.0,0.0,51840000.0,0.0,0.0,51840000.0
small,qat,int4,transformer1.mlp.fc2,linear,1,"{""dense"": 1}",180000,5.6805276627413704e-36,110000,3.155848701522984e-41,0.6111111111111112,51840000.0,51840000.0,0.0,0.0,51840000.0,0.0,0.0,51840000.0
small,qat,int4,DAB_Block_4.DAB_Module_4_0.conv1x1_in.conv,conv2d,1,"{""dense"": 1}",80000,171806.015625,80000,2.1475751953125,1.0,1280000.0,1280000.0,0.0,0.0,1280000.0,0.0,0.0,1280000.0
small,qat,int4,DAB_Block_4.DAB_Module_4_0.conv3x1.conv,conv2d,1,"{""spike"": 1}",40000,0.0,0,0.0,0.0,1920000.0,0.0,0.0,0.0,0.0,0.0,0.0,0.0
small,qat,int4,DAB_Block_4.DAB_Module_4_0.conv1x3.conv,conv2d,1,"{""spike"": 1}",40000,0.0,0,0.0,0.0,1920000.0,0.0,0.0,0.0,0.0,0.0,0.0,0.0
small,qat,int4,DAB_Block_4.DAB_Module_4_0.dconv3x1.conv,conv2d,1,"{""spike"": 1}",40000,0.0,0,0.0,0.0,120000.0,0.0,0.0,0.0,0.0,0.0,0.0,0.0
small,qat,int4,DAB_Block_4.DAB_Module_4_0.dconv1x3.conv,conv2d,1,"{""spike"": 1}",40000,0.0,0,0.0,0.0,120000.0,0.0,0.0,0.0,0.0,0.0,0.0,0.0
small,qat,int4,DAB_Block_4.DAB_Module_4_0.ddconv3x1.conv,conv2d,1,"{""spike"": 1}",40000,0.0,0,0.0,0.0,120000.0,0.0,0.0,0.0,0.0,0.0,0.0,0.0
small,qat,int4,DAB_Block_4.DAB_Module_4_0.ddconv1x3.conv,conv2d,1,"{""spike"": 1}",40000,0.0,0,0.0,0.0,120000.0,0.0,0.0,0.0,0.0,0.0,0.0,0.0
small,qat,int4,DAB_Block_4.DAB_Module_4_0.conv1x1.conv,conv2d,1,"{""spike"": 1}",40000,0.0,0,0.0,0.0,1280000.0,0.0,0.0,0.0,0.0,0.0,0.0,0.0
small,qat,int4,upsample_1.conv,conv_transpose2d,1,"{""dense"": 1}",80000,27808.0,21585,0.3476,0.2698125,23040000.0,23040000.0,0.0,0.0,23040000.0,0.0,0.0,23040000.0
small,qat,int4,DAB_Block_5.DAB_Module_5_0.conv1x1_in.conv,conv2d,1,"{""dense"": 1}",320000,120248.0,118065,0.375775,0.368953125,5120000.0,5120000.0,0.0,0.0,5120000.0,0.0,0.0,5120000.0
small,qat,int4,DAB_Block_5.DAB_Module_5_0.conv3x1.conv,conv2d,1,"{""dense"": 1}",160000,10716.0,10710,0.066975,0.0669375,7680000.0,7680000.0,0.0,0.0,7680000.0,0.0,0.0,7680000.0
small,qat,int4,DAB_Block_5.DAB_Module_5_0.conv1x3.conv,conv2d,1,"{""dense"": 1}",160000,19504.0,19369,0.1219,0.12105625,7680000.0,7680000.0,0.0,0.0,7680000.0,0.0,0.0,7680000.0
small,qat,int4,DAB_Block_5.DAB_Module_5_0.dconv3x1.conv,conv2d,1,"{""dense"": 1}",160000,12508.0,12283,0.078175,0.07676875,480000.0,480000.0,0.0,0.0,480000.0,0.0,0.0,480000.0
small,qat,int4,DAB_Block_5.DAB_Module_5_0.dconv1x3.conv,conv2d,1,"{""spike"": 1}",160000,0.0,0,0.0,0.0,480000.0,0.0,0.0,0.0,0.0,0.0,0.0,0.0
small,qat,int4,DAB_Block_5.DAB_Module_5_0.ddconv3x1.conv,conv2d,1,"{""dense"": 1}",160000,12508.0,12283,0.078175,0.07676875,480000.0,480000.0,0.0,0.0,480000.0,0.0,0.0,480000.0
small,qat,int4,DAB_Block_5.DAB_Module_5_0.ddconv1x3.conv,conv2d,1,"{""dense"": 1}",160000,34984.0,24965,0.21865,0.15603125,480000.0,480000.0,0.0,0.0,480000.0,0.0,0.0,480000.0
small,qat,int4,DAB_Block_5.DAB_Module_5_0.conv1x1.conv,conv2d,1,"{""dense"": 1}",160000,60251.0,26643,0.37656875,0.16651875,5120000.0,5120000.0,0.0,0.0,5120000.0,0.0,0.0,5120000.0
small,qat,int4,upsample_2.conv,conv_transpose2d,1,"{""dense"": 1}",320000,230286.0,152109,0.71964375,0.475340625,92160000.0,92160000.0,0.0,0.0,92160000.0,0.0,0.0,92160000.0
small,qat,int4,DAB_Block_6.DAB_Module_6_0.conv1x1_in.conv,conv2d,1,"{""dense"": 1}",1280000,413856.0,395934,0.323325,0.3093234375,20480000.0,20480000.0,0.0,0.0,20480000.0,0.0,0.0,20480000.0
small,qat,int4,DAB_Block_6.DAB_Module_6_0.conv3x1.conv,conv2d,1,"{""dense"": 1}",640000,197957.0,178437,0.3093078125,0.2788078125,30720000.0,30720000.0,0.0,0.0,30720000.0,0.0,0.0,30720000.0
small,qat,int4,DAB_Block_6.DAB_Module_6_0.conv1x3.conv,conv2d,1,"{""dense"": 1}",640000,126219.0,124319,0.1972171875,0.1942484375,30720000.0,30720000.0,0.0,0.0,30720000.0,0.0,0.0,30720000.0
small,qat,int4,DAB_Block_6.DAB_Module_6_0.dconv3x1.conv,conv2d,1,"{""dense"": 1}",640000,203240.0,185429,0.3175625,0.2897328125,1920000.0,1920000.0,0.0,0.0,1920000.0,0.0,0.0,1920000.0
small,qat,int4,DAB_Block_6.DAB_Module_6_0.dconv1x3.conv,conv2d,1,"{""dense"": 1}",640000,144742.0,102466,0.226159375,0.160103125,1920000.0,1920000.0,0.0,0.0,1920000.0,0.0,0.0,1920000.0
small,qat,int4,DAB_Block_6.DAB_Module_6_0.ddconv3x1.conv,conv2d,1,"{""dense"": 1}",640000,203240.0,185429,0.3175625,0.2897328125,1920000.0,1920000.0,0.0,0.0,1920000.0,0.0,0.0,1920000.0
small,qat,int4,DAB_Block_6.DAB_Module_6_0.ddconv1x3.conv,conv2d,1,"{""dense"": 1}",640000,60079.0,55632,0.0938734375,0.086925,1920000.0,1920000.0,0.0,0.0,1920000.0,0.0,0.0,1920000.0
small,qat,int4,DAB_Block_6.DAB_Module_6_0.conv1x1.conv,conv2d,1,"{""dense"": 1}",640000,695047.0,298649,1.0860109375,0.4666390625,20480000.0,20480000.0,0.0,0.0,20480000.0,0.0,0.0,20480000.0
small,qat,int4,upsample_3.conv,conv_transpose2d,1,"{""dense"": 1}",1280000,1477212.0,829997,1.154071875,0.64843515625,368640000.0,368640000.0,0.0,0.0,368640000.0,0.0,0.0,368640000.0
small,qat,int4,PA3.conv,conv2d,0,{},0,0.0,0,nan,nan,0.0,0.0,0.0,0.0,0.0,0.0,0.0,0.0
small,qat,int4,LC1.dconv3x1,conv2d,1,"{""dense"": 1}",2560000,1244333.0,1062658,0.486067578125,0.41510078125,245760000.0,245760000.0,0.0,0.0,245760000.0,0.0,0.0,245760000.0
small,qat,int4,LC1.dconv1x3,conv2d,1,"{""dense"": 1}",1280000,601471.0,1280000,0.46989921875,1.0,122880000.0,122880000.0,0.0,0.0,122880000.0,0.0,0.0,122880000.0
small,qat,int4,LC2.dconv3x1,conv2d,1,"{""dense"": 1}",640000,138313.0,113238,0.2161140625,0.176934375,61440000.0,61440000.0,0.0,0.0,61440000.0,0.0,0.0,61440000.0
small,qat,int4,LC2.dconv1x3,conv2d,1,"{""dense"": 1}",320000,58022.546875,320000,0.181320458984375,1.0,30720000.0,30720000.0,0.0,0.0,30720000.0,0.0,0.0,30720000.0
small,qat,int4,LC3.dconv3x1,conv2d,1,"{""dense"": 1}",80000,16693.0,13500,0.2086625,0.16875,3840000.0,3840000.0,0.0,0.0,3840000.0,0.0,0.0,3840000.0
small,qat,int4,LC3.dconv1x3,conv2d,1,"{""dense"": 1}",40000,11353.189453125,40000,0.283829736328125,1.0,3840000.0,3840000.0,0.0,0.0,3840000.0,0.0,0.0,3840000.0
small,qat,int4,final_conv,conv2d,1,"{""dense"": 1}",5120000,974629.0,923267,0.1903572265625,0.1803255859375,1474560000.0,1474560000.0,0.0,0.0,1474560000.0,0.0,0.0,1474560000.0
small,qat,int4,classifier.0.conv,conv2d,1,"{""dense"": 1}",5120000,1374087.5,5120000,0.26837646484375,1.0,30720000.0,30720000.0,0.0,0.0,30720000.0,0.0,0.0,30720000.0
middle,fp,fp,init_conv.0.conv,conv2d,1,"{""dense"": 1}",480000,191492.140625,480000,0.3989419596354167,1.0,138240000.0,138240000.0,0.0,0.0,138240000.0,0.0,0.0,138240000.0
middle,fp,fp,init_conv.1.conv,conv2d,1,"{""dense"": 1}",5120000,2776492.0,1119246,0.54228359375,0.218602734375,2949120000.0,2949120000.0,0.0,0.0,2949120000.0,0.0,0.0,2949120000.0
middle,fp,fp,init_conv.2.conv,conv2d,1,"{""dense"": 1}",10240000,2224684.0,1617514,0.217254296875,0.1579603515625,1474560000.0,1474560000.0,0.0,0.0,1474560000.0,0.0,0.0,1474560000.0
middle,fp,fp,downsample_1.conv3x3.conv,conv2d,1,"{""dense"": 1}",2560000,468540.15625,2560000,0.18302349853515626,1.0,184320000.0,184320000.0,0.0,0.0,184320000.0,0.0,0.0,184320000.0
middle,fp,fp,downsample_1.conv,conv2d,1,"{""dense"": 1}",2560000,608475.0,494246,0.237685546875,0.19306484375,1474560000.0,1474560000.0,0.0,0.0,1474560000.0,0.0,0.0,1474560000.0
middle,fp,fp,DAB_Block_1.DAB_Module_1_0.conv1x1_in.conv,conv2d,1,"{""dense"": 1}",960000,202407.0,178906,0.210840625,0.18636041666666667,46080000.0,46080000.0,0.0,0.0,46080000.0,0.0,0.0,46080000.0
middle,fp,fp,DAB_Block_1.DAB_Module_1_0.conv3x1.conv,conv2d,1,"{""dense"": 1}",480000,203901.0,160866,0.42479375,0.3351375,69120000.0,69120000.0,0.0,0.0,69120000.0,0.0,0.0,69120000.0
middle,fp,fp,DAB_Block_1.DAB_Module_1_0.conv1x3.conv,conv2d,1,"{""dense"": 1}",480000,152637.0,137468,0.31799375,0.28639166666666666,69120000.0,69120000.0,0.0,0.0,69120000.0,0.0,0.0,69120000.0
middle,fp,fp,DAB_Block_1.DAB_Module_1_0.dconv3x1.conv,conv2d,1,"{""dense"": 1}",480000,195438.0,170871,0.4071625,0.35598125,1440000.0,1440000.0,0.0,0.0,1440000.0,0.0,0.0,1440000.0
middle,fp,fp,DAB_Block_1.DAB_Module_1_0.dconv1x3.conv,conv2d,1,"{""dense"": 1}",480000,66173.0,51800,0.13786041666666668,0.10791666666666666,1440000.0,1440000.0,0.0,0.0,1440000.0,0.0,0.0,1440000.0
middle,fp,fp,DAB_Block_1.DAB_Module_1_0.ddconv3x1.conv,conv2d,1,"{""dense"": 1}",480000,195438.0,170871,0.4071625,0.35598125,1440000.0,1440000.0,0.0,0.0,1440000.0,0.0,0.0,1440000.0
middle,fp,fp,DAB_Block_1.DAB_Module_1_0.ddconv1x3.conv,conv2d,1,"{""dense"": 1}",480000,162855.0,101586,0.33928125,0.2116375,1440000.0,1440000.0,0.0,0.0,1440000.0,0.0,0.0,1440000.0
middle,fp,fp,DAB_Block_1.DAB_Module_1_0.conv1x1.conv,conv2d,1,"{""dense"": 1}",480000,299273.0,203922,0.6234854166666667,0.4248375,46080000.0,46080000.0,0.0,0.0,46080000.0,0.0,0.0,46080000.0
middle,fp,fp,downsample_2.conv3x3.conv,conv2d,1,"{""dense"": 1}",960000,206593.59375,960000,0.21520166015625,1.0,207360000.0,207360000.0,0.0,0.0,207360000.0,0.0,0.0,207360000.0
middle,fp,fp,downsample_2.conv,conv2d,1,"{""dense"": 1}",960000,232329.0,199084,0.242009375,0.20737916666666667,829440000.0,829440000.0,0.0,0.0,829440000.0,0.0,0.0,829440000.0
middle,fp,fp,DAB_Block_2.DAB_Module_2_0.conv1x1_in.conv,conv2d,1,"{""dense"": 1}",240000,42363.0,34946,0.1765125,0.14560833333333334,11520000.0,11520000.0,0.0,0.0,11520000.0,0.0,0.0,11520000.0
middle,fp,fp,DAB_Block_2.DAB_Module_2_0.conv3x1.conv,conv2d,1,"{""dense"": 1}",120000,42367.0,36963,0.3530583333333333,0.308025,17280000.0,17280000.0,0.0,0.0,17280000.0,0.0,0.0,17280000.0
middle,fp,fp,DAB_Block_2.DAB_Module_2_0.conv1x3.conv,conv2d,1,"{""dense"": 1}",120000,21434.0,19423,0.17861666666666667,0.16185833333333333,17280000.0,17280000.0,0.0,0.0,17280000.0,0.0,0.0,17280000.0
middle,fp,fp,DAB_Block_2.DAB_Module_2_0.dconv3x1.conv,conv2d,1,"{""dense"": 1}",120000,17514.0,16125,0.14595,0.134375,360000.0,360000.0,0.0,0.0,360000.0,0.0,0.0,360000.0
middle,fp,fp,DAB_Block_2.DAB_Module_2_0.dconv1x3.conv,conv2d,1,"{""dense"": 1}",120000,5213.0,4599,0.04344166666666667,0.038325,360000.0,360000.0,0.0,0.0,360000.0,0.0,0.0,360000.0
middle,fp,fp,DAB_Block_2.DAB_Module_2_0.ddconv3x1.conv,conv2d,1,"{""dense"": 1}",120000,17514.0,16125,0.14595,0.134375,360000.0,360000.0,0.0,0.0,360000.0,0.0,0.0,360000.0
middle,fp,fp,DAB_Block_2.DAB_Module_2_0.ddconv1x3.conv,conv2d,1,"{""dense"": 1}",120000,1135.0,1025,0.009458333333333332,0.008541666666666666,360000.0,360000.0,0.0,0.0,360000.0,0.0,0.0,360000.0
middle,fp,fp,DAB_Block_2.DAB_Module_2_0.conv1x1.conv,conv2d,1,"{""dense"": 1}",120000,25125.0,20105,0.209375,0.16754166666666667,11520000.0,11520000.0,0.0,0.0,11520000.0,0.0,0.0,11520000.0
middle,fp,fp,downsample_3.conv3x3.conv,conv2d,1,"{""dense"": 1}",240000,39134.6640625,240000,0.16306110026041667,1.0,17280000.0,17280000.0,0.0,0.0,17280000.0,0.0,0.0,17280000.0
middle,fp,fp,downsample_3.conv,conv2d,1,"{""dense"": 1}",240000,31508.0,23141,0.13128333333333334,0.09642083333333333,207360000.0,207360000.0,0.0,0.0,207360000.0,0.0,0.0,207360000.0
middle,fp,fp,DAB_Block_3.DAB_Module_3_0.conv1x1_in.conv,conv2d,1,"{""dense"": 1}",20000,11519.0,7372,0.57595,0.3686,320000.0,320000.0,0.0,0.0,320000.0,0.0,0.0,320000.0
middle,fp,fp,DAB_Block_3.DAB_Module_3_0.conv3x1.conv,conv2d,1,"{""dense"": 1}",10000,6350.0,3710,0.635,0.371,480000.0,480000.0,0.0,0.0,480000.0,0.0,0.0,480000.0
middle,fp,fp,DAB_Block_3.DAB_Module_3_0.conv1x3.conv,conv2d,1,"{""dense"": 1}",10000,5497.0,3991,0.5497,0.3991,480000.0,480000.0,0.0,0.0,480000.0,0.0,0.0,480000.0
middle,fp,fp,DAB_Block_3.DAB_Module_3_0.dconv3x1.conv,conv2d,1,"{""dense"": 1}",10000,3607.0,2697,0.3607,0.2697,30000.0,30000.0,0.0,0.0,30000.0,0.0,0.0,30000.0
middle,fp,fp,DAB_Block_3.DAB_Module_3_0.dconv1x3.conv,conv2d,1,"{""dense"": 1}",10000,516.0,413,0.0516,0.0413,30000.0,30000.0,0.0,0.0,30000.0,0.0,0.0,30000.0
middle,fp,fp,DAB_Block_3.DAB_Module_3_0.ddconv3x1.conv,conv2d,1,"{""dense"": 1}",10000,3607.0,2697,0.3607,0.2697,30000.0,30000.0,0.0,0.0,30000.0,0.0,0.0,30000.0
middle,fp,fp,DAB_Block_3.DAB_Module_3_0.ddconv1x3.conv,conv2d,1,"{""dense"": 1}",10000,762.0,524,0.0762,0.0524,30000.0,30000.0,0.0,0.0,30000.0,0.0,0.0,30000.0
middle,fp,fp,DAB_Block_3.DAB_Module_3_0.conv1x1.conv,conv2d,1,"{""dense"": 1}",10000,4811.0,3088,0.4811,0.3088,320000.0,320000.0,0.0,0.0,320000.0,0.0,0.0,320000.0
middle,fp,fp,transformer1.atten.reduce,linear,1,"{""dense"": 1}",180000,9511.583984375,180000,0.05284213324652778,1.0,25920000.0,25920000.0,0.0,0.0,25920000.0,0.0,0.0,25920000.0
middle,fp,fp,transformer1.atten.qkv,linear,1,"{""dense"": 1}",90000,11293.6865234375,90000,0.12548540581597223,1.0,38880000.0,38880000.0,0.0,0.0,38880000.0,0.0,0.0,38880000.0
middle,fp,fp,transformer1.atten.proj,linear,1,"{""dense"": 1}",90000,12007.3330078125,90000,0.13341481119791668,1.0,25920000.0,25920000.0,0.0,0.0,25920000.0,0.0,0.0,25920000.0
middle,fp,fp,transformer1.mlp.fc1,linear,1,"{""dense"": 1}",180000,5.840581148318847e-36,180000,3.2447673046215817e-41,1.0,12960000.0,12960000.0,0.0,0.0,12960000.0,0.0,0.0,12960000.0
middle,fp,fp,transformer1.mlp.fc2,linear,1,"{""dense"": 1}",45000,3.449625466554759e-34,2500,7.665834370121686e-39,0.05555555555555555,12960000.0,12960000.0,0.0,0.0,12960000.0,0.0,0.0,12960000.0
middle,fp,fp,DAB_Block_4.DAB_Module_4_0.conv1x1_in.conv,conv2d,1,"{""dense"": 1}",20000,111412.34375,20000,5.5706171875,1.0,320000.0,320000.0,0.0,0.0,320000.0,0.0,0.0,320000.0
middle,fp,fp,DAB_Block_4.DAB_Module_4_0.conv3x1.conv,conv2d,1,"{""spike"": 1}",10000,0.0,0,0.0,0.0,480000.0,0.0,0.0,0.0,0.0,0.0,0.0,0.0
middle,fp,fp,DAB_Block_4.DAB_Module_4_0.conv1x3.conv,conv2d,1,"{""spike"": 1}",10000,0.0,0,0.0,0.0,480000.0,0.0,0.0,0.0,0.0,0.0,0.0,0.0
middle,fp,fp,DAB_Block_4.DAB_Module_4_0.dconv3x1.conv,conv2d,1,"{""spike"": 1}",10000,0.0,0,0.0,0.0,30000.0,0.0,0.0,0.0,0.0,0.0,0.0,0.0
middle,fp,fp,DAB_Block_4.DAB_Module_4_0.dconv1x3.conv,conv2d,1,"{""spike"": 1}",10000,0.0,0,0.0,0.0,30000.0,0.0,0.0,0.0,0.0,0.0,0.0,0.0
middle,fp,fp,DAB_Block_4.DAB_Module_4_0.ddconv3x1.conv,conv2d,1,"{""spike"": 1}",10000,0.0,0,0.0,0.0,30000.0,0.0,0.0,0.0,0.0,0.0,0.0,0.0
middle,fp,fp,DAB_Block_4.DAB_Module_4_0.ddconv1x3.conv,conv2d,1,"{""spike"": 1}",10000,0.0,0,0.0,0.0,30000.0,0.0,0.0,0.0,0.0,0.0,0.0,0.0
middle,fp,fp,DAB_Block_4.DAB_Module_4_0.conv1x1.conv,conv2d,1,"{""spike"": 1}",10000,0.0,0,0.0,0.0,320000.0,0.0,0.0,0.0,0.0,0.0,0.0,0.0
middle,fp,fp,upsample_1.conv,conv_transpose2d,1,"{""dense"": 1}",20000,13003.0,8531,0.65015,0.42655,5760000.0,5760000.0,0.0,0.0,5760000.0,0.0,0.0,5760000.0
middle,fp,fp,DAB_Block_5.DAB_Module_5_0.conv1x1_in.conv,conv2d,1,"{""dense"": 1}",80000,27343.0,21912,0.3417875,0.2739,1280000.0,1280000.0,0.0,0.0,1280000.0,0.0,0.0,1280000.0
middle,fp,fp,DAB_Block_5.DAB_Module_5_0.conv3x1.conv,conv2d,1,"{""dense"": 1}",40000,21927.0,16570,0.548175,0.41425,1920000.0,1920000.0,0.0,0.0,1920000.0,0.0,0.0,1920000.0
middle,fp,fp,DAB_Block_5.DAB_Module_5_0.conv1x3.conv,conv2d,1,"{""dense"": 1}",40000,15009.0,13915,0.375225,0.347875,1920000.0,1920000.0,0.0,0.0,1920000.0,0.0,0.0,1920000.0
middle,fp,fp,DAB_Block_5.DAB_Module_5_0.dconv3x1.conv,conv2d,1,"{""dense"": 1}",40000,10198.0,9035,0.25495,0.225875,120000.0,120000.0,0.0,0.0,120000.0,0.0,0.0,120000.0
middle,fp,fp,DAB_Block_5.DAB_Module_5_0.dconv1x3.conv,conv2d,1,"{""dense"": 1}",40000,12848.0,8756,0.3212,0.2189,120000.0,120000.0,0.0,0.0,120000.0,0.0,0.0,120000.0
middle,fp,fp,DAB_Block_5.DAB_Module_5_0.ddconv3x1.conv,conv2d,1,"{""dense"": 1}",40000,10198.0,9035,0.25495,0.225875,120000.0,120000.0,0.0,0.0,120000.0,0.0,0.0,120000.0
middle,fp,fp,DAB_Block_5.DAB_Module_5_0.ddconv1x3.conv,conv2d,1,"{""dense"": 1}",40000,950.0,807,0.02375,0.020175,120000.0,120000.0,0.0,0.0,120000.0,0.0,0.0,120000.0
middle,fp,fp,DAB_Block_5.DAB_Module_5_0.conv1x1.conv,conv2d,1,"{""dense"": 1}",40000,17484.0,10343,0.4371,0.258575,1280000.0,1280000.0,0.0,0.0,1280000.0,0.0,0.0,1280000.0
middle,fp,fp,upsample_2.conv,conv_transpose2d,1,"{""dense"": 1}",80000,67766.0,39707,0.847075,0.4963375,23040000.0,23040000.0,0.0,0.0,23040000.0,0.0,0.0,23040000.0
middle,fp,fp,DAB_Block_6.DAB_Module_6_0.conv1x1_in.conv,conv2d,1,"{""dense"": 1}",320000,178902.0,122280,0.55906875,0.382125,5120000.0,5120000.0,0.0,0.0,5120000.0,0.0,0.0,5120000.0
middle,fp,fp,DAB_Block_6.DAB_Module_6_0.conv3x1.conv,conv2d,1,"{""dense"": 1}",160000,95378.0,61247,0.5961125,0.38279375,7680000.0,7680000.0,0.0,0.0,7680000.0,0.0,0.0,7680000.0
middle,fp,fp,DAB_Block_6.DAB_Module_6_0.conv1x3.conv,conv2d,1,"{""dense"": 1}",160000,54724.0,39974,0.342025,0.2498375,7680000.0,7680000.0,0.0,0.0,7680000.0,0.0,0.0,7680000.0
middle,fp,fp,DAB_Block_6.DAB_Module_6_0.dconv3x1.conv,conv2d,1,"{""dense"": 1}",160000,32738.0,22798,0.2046125,0.1424875,480000.0,480000.0,0.0,0.0,480000.0,0.0,0.0,480000.0
middle,fp,fp,DAB_Block_6.DAB_Module_6_0.dconv1x3.conv,conv2d,1,"{""spike"": 1}",160000,0.0,0,0.0,0.0,480000.0,0.0,0.0,0.0,0.0,0.0,0.0,0.0
middle,fp,fp,DAB_Block_6.DAB_Module_6_0.ddconv3x1.conv,conv2d,1,"{""dense"": 1}",160000,32738.0,22798,0.2046125,0.1424875,480000.0,480000.0,0.0,0.0,480000.0,0.0,0.0,480000.0
middle,fp,fp,DAB_Block_6.DAB_Module_6_0.ddconv1x3.conv,conv2d,1,"{""dense"": 1}",160000,35199.0,18386,0.21999375,0.1149125,480000.0,480000.0,0.0,0.0,480000.0,0.0,0.0,480000.0
middle,fp,fp,DAB_Block_6.DAB_Module_6_0.conv1x1.conv,conv2d,1,"{""dense"": 1}",160000,64858.0,25419,0.4053625,0.15886875,5120000.0,5120000.0,0.0,0.0,5120000.0,0.0,0.0,5120000.0
middle,fp,fp,upsample_3.conv,conv_transpose2d,1,"{""dense"": 1}",320000,340003.0,176605,1.062509375,0.551890625,92160000.0,92160000.0,0.0,0.0,92160000.0,0.0,0.0,92160000.0
middle,fp,fp,PA3.conv,conv2d,0,{},0,0.0,0,nan,nan,0.0,0.0,0.0,0.0,0.0,0.0,0.0,0.0
middle,fp,fp,LC1.dconv3x1,conv2d,1,"{""dense"": 1}",960000,232329.0,199084,0.242009375,0.20737916666666667,138240000.0,138240000.0,0.0,0.0,138240000.0,0.0,0.0,138240000.0
middle,fp,fp,LC1.dconv1x3,conv2d,1,"{""dense"": 1}",480000,38572.0703125,480000,0.08035847981770833,1.0,46080000.0,46080000.0,0.0,0.0,46080000.0,0.0,0.0,46080000.0
middle,fp,fp,LC2.dconv3x1,conv2d,1,"{""dense"": 1}",240000,31508.0,23141,0.13128333333333334,0.09642083333333333,34560000.0,34560000.0,0.0,0.0,34560000.0,0.0,0.0,34560000.0
middle,fp,fp,LC2.dconv1x3,conv2d,1,"{""dense"": 1}",120000,8681.25,120000,0.07234375,1.0,11520000.0,11520000.0,0.0,0.0,11520000.0,0.0,0.0,11520000.0
middle,fp,fp,LC3.dconv3x1,conv2d,1,"{""dense"": 1}",20000,8718.0,4354,0.4359,0.2177,960000.0,960000.0,0.0,0.0,960000.0,0.0,0.0,960000.0
middle,fp,fp,LC3.dconv1x3,conv2d,1,"{""dense"": 1}",10000,2155.9482421875,10000,0.21559482421875,1.0,960000.0,960000.0,0.0,0.0,960000.0,0.0,0.0,960000.0
middle,fp,fp,final_conv,conv2d,1,"{""dense"": 1}",1280000,806153.0,458333,0.62980703125,0.35807265625,368640000.0,368640000.0,0.0,0.0,368640000.0,0.0,0.0,368640000.0
middle,fp,fp,classifier.0.conv,conv2d,1,"{""dense"": 1}",5120000,1643292.375,5120000,0.3209555419921875,1.0,30720000.0,30720000.0,0.0,0.0,30720000.0,0.0,0.0,30720000.0
middle,qat,int4,init_conv.0.conv,conv2d,1,"{""dense"": 1}",480000,191141.96875,480000,0.39821243489583336,1.0,138240000.0,138240000.0,0.0,0.0,138240000.0,0.0,0.0,138240000.0
middle,qat,int4,init_conv.1.conv,conv2d,1,"{""dense"": 1}",5120000,2716704.0,1070807,0.53060625,0.2091419921875,2949120000.0,2949120000.0,0.0,0.0,2949120000.0,0.0,0.0,2949120000.0
middle,qat,int4,init_conv.2.conv,conv2d,1,"{""dense"": 1}",10240000,2034123.0,1446793,0.19864482421875,0.14128837890625,1474560000.0,1474560000.0,0.0,0.0,1474560000.0,0.0,0.0,1474560000.0
middle,qat,int4,downsample_1.conv3x3.conv,conv2d,1,"{""dense"": 1}",2560000,1334835.0,2560000,0.521419921875,1.0,184320000.0,184320000.0,0.0,0.0,184320000.0,0.0,0.0,184320000.0
middle,qat,int4,downsample_1.conv,conv2d,1,"{""dense"": 1}",2560000,672727.0,533634,0.262783984375,0.20845078125,1474560000.0,1474560000.0,0.0,0.0,1474560000.0,0.0,0.0,1474560000.0
middle,qat,int4,DAB_Block_1.DAB_Module_1_0.conv1x1_in.conv,conv2d,1,"{""dense"": 1}",960000,198227.0,158868,0.20648645833333334,0.1654875,46080000.0,46080000.0,0.0,0.0,46080000.0,0.0,0.0,46080000.0
middle,qat,int4,DAB_Block_1.DAB_Module_1_0.conv3x1.conv,conv2d,1,"{""dense"": 1}",480000,159698.0,145390,0.3327041666666667,0.3028958333333333,69120000.0,69120000.0,0.0,0.0,69120000.0,0.0,0.0,69120000.0
middle,qat,int4,DAB_Block_1.DAB_Module_1_0.conv1x3.conv,conv2d,1,"{""dense"": 1}",480000,104419.0,95346,0.21753958333333334,0.1986375,69120000.0,69120000.0,0.0,0.0,69120000.0,0.0,0.0,69120000.0
middle,qat,int4,DAB_Block_1.DAB_Module_1_0.dconv3x1.conv,conv2d,1,"{""dense"": 1}",480000,174578.0,147214,0.36370416666666666,0.30669583333333333,1440000.0,1440000.0,0.0,0.0,1440000.0,0.0,0.0,1440000.0
middle,qat,int4,DAB_Block_1.DAB_Module_1_0.dconv1x3.conv,conv2d,1,"{""dense"": 1}",480000,42180.0,30141,0.087875,0.06279375,1440000.0,1440000.0,0.0,0.0,1440000.0,0.0,0.0,1440000.0
middle,qat,int4,DAB_Block_1.DAB_Module_1_0.ddconv3x1.conv,conv2d,1,"{""dense"": 1}",480000,174578.0,147214,0.36370416666666666,0.30669583333333333,1440000.0,1440000.0,0.0,0.0,1440000.0,0.0,0.0,1440000.0
middle,qat,int4,DAB_Block_1.DAB_Module_1_0.ddconv1x3.conv,conv2d,1,"{""dense"": 1}",480000,115230.0,87560,0.2400625,0.18241666666666667,1440000.0,1440000.0,0.0,0.0,1440000.0,0.0,0.0,1440000.0
middle,qat,int4,DAB_Block_1.DAB_Module_1_0.conv1x1.conv,conv2d,1,"{""dense"": 1}",480000,368783.0,202204,0.7682979166666667,0.42125833333333335,46080000.0,46080000.0,0.0,0.0,46080000.0,0.0,0.0,46080000.0
middle,qat,int4,downsample_2.conv3x3.conv,conv2d,1,"{""dense"": 1}",960000,209503.765625,960000,0.21823308919270834,1.0,207360000.0,207360000.0,0.0,0.0,207360000.0,0.0,0.0,207360000.0
middle,qat,int4,downsample_2.conv,conv2d,1,"{""dense"": 1}",960000,220493.0,187167,0.22968020833333333,0.194965625,829440000.0,829440000.0,0.0,0.0,829440000.0,0.0,0.0,829440000.0
middle,qat,int4,DAB_Block_2.DAB_Module_2_0.conv1x1_in.conv,conv2d,1,"{""dense"": 1}",240000,23166.0,13284,0.096525,0.05535,11520000.0,11520000.0,0.0,0.0,11520000.0,0.0,0.0,11520000.0
middle,qat,int4,DAB_Block_2.DAB_Module_2_0.conv3x1.conv,conv2d,1,"{""dense"": 1}",120000,12441.0,11800,0.103675,0.09833333333333333,17280000.0,17280000.0,0.0,0.0,17280000.0,0.0,0.0,17280000.0
middle,qat,int4,DAB_Block_2.DAB_Module_2_0.conv1x3.conv,conv2d,1,"{""dense"": 1}",120000,7489.0,7385,0.062408333333333336,0.06154166666666667,17280000.0,17280000.0,0.0,0.0,17280000.0,0.0,0.0,17280000.0
middle,qat,int4,DAB_Block_2.DAB_Module_2_0.dconv3x1.conv,conv2d,1,"{""dense"": 1}",120000,3026.0,2913,0.025216666666666665,0.024275,360000.0,360000.0,0.0,0.0,360000.0,0.0,0.0,360000.0
middle,qat,int4,DAB_Block_2.DAB_Module_2_0.dconv1x3.conv,conv2d,1,"{""dense"": 1}",120000,1677.0,1606,0.013975,0.013383333333333334,360000.0,360000.0,0.0,0.0,360000.0,0.0,0.0,360000.0
middle,qat,int4,DAB_Block_2.DAB_Module_2_0.ddconv3x1.conv,conv2d,1,"{""dense"": 1}",120000,3026.0,2913,0.025216666666666665,0.024275,360000.0,360000.0,0.0,0.0,360000.0,0.0,0.0,360000.0
middle,qat,int4,DAB_Block_2.DAB_Module_2_0.ddconv1x3.conv,conv2d,1,"{""spike"": 1}",120000,93.0,93,0.000775,0.000775,360000.0,0.0,279.0,279.0,279.0,0.0,0.0,279.0
middle,qat,int4,DAB_Block_2.DAB_Module_2_0.conv1x1.conv,conv2d,1,"{""dense"": 1}",120000,5796.0,4376,0.0483,0.03646666666666667,11520000.0,11520000.0,0.0,0.0,11520000.0,0.0,0.0,11520000.0
middle,qat,int4,downsample_3.conv3x3.conv,conv2d,1,"{""dense"": 1}",240000,22798.31640625,240000,0.09499298502604167,1.0,17280000.0,17280000.0,0.0,0.0,17280000.0,0.0,0.0,17280000.0
middle,qat,int4,downsample_3.conv,conv2d,1,"{""dense"": 1}",240000,20339.0,14698,0.08474583333333334,0.061241666666666666,207360000.0,207360000.0,0.0,0.0,207360000.0,0.0,0.0,207360000.0
middle,qat,int4,DAB_Block_3.DAB_Module_3_0.conv1x1_in.conv,conv2d,1,"{""dense"": 1}",20000,3572.0,2485,0.1786,0.12425,320000.0,320000.0,0.0,0.0,320000.0,0.0,0.0,320000.0
middle,qat,int4,DAB_Block_3.DAB_Module_3_0.conv3x1.conv,conv2d,1,"{""spike"": 1}",10000,840.0,840,0.084,0.084,480000.0,0.0,40320.0,40320.0,40320.0,0.0,0.0,40320.0
middle,qat,int4,DAB_Block_3.DAB_Module_3_0.conv1x3.conv,conv2d,1,"{""dense"": 1}",10000,1026.0,1010,0.1026,0.101,480000.0,480000.0,0.0,0.0,480000.0,0.0,0.0,480000.0
middle,qat,int4,DAB_Block_3.DAB_Module_3_0.dconv3x1.conv,conv2d,1,"{""dense"": 1}",10000,783.0,769,0.0783,0.0769,30000.0,30000.0,0.0,0.0,30000.0,0.0,0.0,30000.0
middle,qat,int4,DAB_Block_3.DAB_Module_3_0.dconv1x3.conv,conv2d,1,"{""spike"": 1}",10000,349.0,349,0.0349,0.0349,30000.0,0.0,1047.0,1047.0,1047.0,0.0,0.0,1047.0
middle,qat,int4,DAB_Block_3.DAB_Module_3_0.ddconv3x1.conv,conv2d,1,"{""dense"": 1}",10000,783.0,769,0.0783,0.0769,30000.0,30000.0,0.0,0.0,30000.0,0.0,0.0,30000.0
middle,qat,int4,DAB_Block_3.DAB_Module_3_0.ddconv1x3.conv,conv2d,1,"{""dense"": 1}",10000,326.0,312,0.0326,0.0312,30000.0,30000.0,0.0,0.0,30000.0,0.0,0.0,30000.0
middle,qat,int4,DAB_Block_3.DAB_Module_3_0.conv1x1.conv,conv2d,1,"{""dense"": 1}",10000,2175.0,1415,0.2175,0.1415,320000.0,320000.0,0.0,0.0,320000.0,0.0,0.0,320000.0
middle,qat,int4,transformer1.atten.reduce,linear,1,"{""dense"": 1}",180000,7061.16455078125,180000,0.03922869194878472,1.0,25920000.0,25920000.0,0.0,0.0,25920000.0,0.0,0.0,25920000.0
middle,qat,int4,transformer1.atten.qkv,linear,1,"{""dense"": 1}",90000,5748.1279296875,16875,0.06386808810763889,0.1875,38880000.0,38880000.0,0.0,0.0,38880000.0,0.0,0.0,38880000.0
middle,qat,int4,transformer1.atten.proj,linear,1,"{""dense"": 1}",90000,10752.162109375,5000,0.11946846788194444,0.05555555555555555,25920000.0,25920000.0,0.0,0.0,25920000.0,0.0,0.0,25920000.0
middle,qat,int4,transformer1.mlp.fc1,linear,1,"{""dense"": 1}",180000,5.506531683438595e-36,179999,3.0591842685769974e-41,0.9999944444444444,12960000.0,12960000.0,0.0,0.0,12960000.0,0.0,0.0,12960000.0
middle,qat,int4,transformer1.mlp.fc2,linear,1,"{""dense"": 1}",45000,4.2112522099121565e-38,1250,9.358338244249237e-43,0.027777777777777776,12960000.0,12960000.0,0.0,0.0,12960000.0,0.0,0.0,12960000.0
middle,qat,int4,DAB_Block_4.DAB_Module_4_0.conv1x1_in.conv,conv2d,1,"{""dense"": 1}",20000,53661.8046875,20000,2.683090234375,1.0,320000.0,320000.0,0.0,0.0,320000.0,0.0,0.0,320000.0
middle,qat,int4,DAB_Block_4.DAB_Module_4_0.conv3x1.conv,conv2d,1,"{""spike"": 1}",10000,0.0,0,0.0,0.0,480000.0,0.0,0.0,0.0,0.0,0.0,0.0,0.0
middle,qat,int4,DAB_Block_4.DAB_Module_4_0.conv1x3.conv,conv2d,1,"{""spike"": 1}",10000,0.0,0,0.0,0.0,480000.0,0.0,0.0,0.0,0.0,0.0,0.0,0.0
middle,qat,int4,DAB_Block_4.DAB_Module_4_0.dconv3x1.conv,conv2d,1,"{""spike"": 1}",10000,0.0,0,0.0,0.0,30000.0,0.0,0.0,0.0,0.0,0.0,0.0,0.0
middle,qat,int4,DAB_Block_4.DAB_Module_4_0.dconv1x3.conv,conv2d,1,"{""spike"": 1}",10000,0.0,0,0.0,0.0,30000.0,0.0,0.0,0.0,0.0,0.0,0.0,0.0
middle,qat,int4,DAB_Block_4.DAB_Module_4_0.ddconv3x1.conv,conv2d,1,"{""spike"": 1}",10000,0.0,0,0.0,0.0,30000.0,0.0,0.0,0.0,0.0,0.0,0.0,0.0
middle,qat,int4,DAB_Block_4.DAB_Module_4_0.ddconv1x3.conv,conv2d,1,"{""spike"": 1}",10000,0.0,0,0.0,0.0,30000.0,0.0,0.0,0.0,0.0,0.0,0.0,0.0
middle,qat,int4,DAB_Block_4.DAB_Module_4_0.conv1x1.conv,conv2d,1,"{""spike"": 1}",10000,0.0,0,0.0,0.0,320000.0,0.0,0.0,0.0,0.0,0.0,0.0,0.0
middle,qat,int4,upsample_1.conv,conv_transpose2d,1,"{""dense"": 1}",20000,7711.0,4408,0.38555,0.2204,5760000.0,5760000.0,0.0,0.0,5760000.0,0.0,0.0,5760000.0
middle,qat,int4,DAB_Block_5.DAB_Module_5_0.conv1x1_in.conv,conv2d,1,"{""dense"": 1}",80000,18791.0,17291,0.2348875,0.2161375,1280000.0,1280000.0,0.0,0.0,1280000.0,0.0,0.0,1280000.0
middle,qat,int4,DAB_Block_5.DAB_Module_5_0.conv3x1.conv,conv2d,1,"{""dense"": 1}",40000,8447.0,7816,0.211175,0.1954,1920000.0,1920000.0,0.0,0.0,1920000.0,0.0,0.0,1920000.0
middle,qat,int4,DAB_Block_5.DAB_Module_5_0.conv1x3.conv,conv2d,1,"{""dense"": 1}",40000,6952.0,6339,0.1738,0.158475,1920000.0,1920000.0,0.0,0.0,1920000.0,0.0,0.0,1920000.0
middle,qat,int4,DAB_Block_5.DAB_Module_5_0.dconv3x1.conv,conv2d,1,"{""dense"": 1}",40000,9026.0,7562,0.22565,0.18905,120000.0,120000.0,0.0,0.0,120000.0,0.0,0.0,120000.0
middle,qat,int4,DAB_Block_5.DAB_Module_5_0.dconv1x3.conv,conv2d,1,"{""dense"": 1}",40000,5679.0,5040,0.141975,0.126,120000.0,120000.0,0.0,0.0,120000.0,0.0,0.0,120000.0
middle,qat,int4,DAB_Block_5.DAB_Module_5_0.ddconv3x1.conv,conv2d,1,"{""dense"": 1}",40000,9026.0,7562,0.22565,0.18905,120000.0,120000.0,0.0,0.0,120000.0,0.0,0.0,120000.0
middle,qat,int4,DAB_Block_5.DAB_Module_5_0.ddconv1x3.conv,conv2d,1,"{""spike"": 1}",40000,5.0,5,0.000125,0.000125,120000.0,0.0,15.0,15.0,15.0,0.0,0.0,15.0
middle,qat,int4,DAB_Block_5.DAB_Module_5_0.conv1x1.conv,conv2d,1,"{""dense"": 1}",40000,17624.0,8175,0.4406,0.204375,1280000.0,1280000.0,0.0,0.0,1280000.0,0.0,0.0,1280000.0
middle,qat,int4,upsample_2.conv,conv_transpose2d,1,"{""dense"": 1}",80000,72161.0,35116,0.9020125,0.43895,23040000.0,23040000.0,0.0,0.0,23040000.0,0.0,0.0,23040000.0
middle,qat,int4,DAB_Block_6.DAB_Module_6_0.conv1x1_in.conv,conv2d,1,"{""dense"": 1}",320000,144842.0,124527,0.45263125,0.389146875,5120000.0,5120000.0,0.0,0.0,5120000.0,0.0,0.0,5120000.0
middle,qat,int4,DAB_Block_6.DAB_Module_6_0.conv3x1.conv,conv2d,1,"{""dense"": 1}",160000,30693.0,24948,0.19183125,0.155925,7680000.0,7680000.0,0.0,0.0,7680000.0,0.0,0.0,7680000.0
middle,qat,int4,DAB_Block_6.DAB_Module_6_0.conv1x3.conv,conv2d,1,"{""dense"": 1}",160000,27865.0,21986,0.17415625,0.1374125,7680000.0,7680000.0,0.0,0.0,7680000.0,0.0,0.0,7680000.0
middle,qat,int4,DAB_Block_6.DAB_Module_6_0.dconv3x1.conv,conv2d,1,"{""dense"": 1}",160000,17215.0,12674,0.10759375,0.0792125,480000.0,480000.0,0.0,0.0,480000.0,0.0,0.0,480000.0
middle,qat,int4,DAB_Block_6.DAB_Module_6_0.dconv1x3.conv,conv2d,1,"{""spike"": 1}",160000,0.0,0,0.0,0.0,480000.0,0.0,0.0,0.0,0.0,0.0,0.0,0.0
middle,qat,int4,DAB_Block_6.DAB_Module_6_0.ddconv3x1.conv,conv2d,1,"{""dense"": 1}",160000,17215.0,12674,0.10759375,0.0792125,480000.0,480000.0,0.0,0.0,480000.0,0.0,0.0,480000.0
middle,qat,int4,DAB_Block_6.DAB_Module_6_0.ddconv1x3.conv,conv2d,1,"{""dense"": 1}",160000,13879.0,10859,0.08674375,0.06786875,480000.0,480000.0,0.0,0.0,480000.0,0.0,0.0,480000.0
middle,qat,int4,DAB_Block_6.DAB_Module_6_0.conv1x1.conv,conv2d,1,"{""dense"": 1}",160000,47994.0,17084,0.2999625,0.106775,5120000.0,5120000.0,0.0,0.0,5120000.0,0.0,0.0,5120000.0
middle,qat,int4,upsample_3.conv,conv_transpose2d,1,"{""dense"": 1}",320000,374665.0,137439,1.170828125,0.429496875,92160000.0,92160000.0,0.0,0.0,92160000.0,0.0,0.0,92160000.0
middle,qat,int4,PA3.conv,conv2d,0,{},0,0.0,0,nan,nan,0.0,0.0,0.0,0.0,0.0,0.0,0.0,0.0
middle,qat,int4,LC1.dconv3x1,conv2d,1,"{""dense"": 1}",960000,220493.0,187167,0.22968020833333333,0.194965625,138240000.0,138240000.0,0.0,0.0,138240000.0,0.0,0.0,138240000.0
middle,qat,int4,LC1.dconv1x3,conv2d,1,"{""dense"": 1}",480000,126575.6328125,480000,0.26369923502604165,1.0,46080000.0,46080000.0,0.0,0.0,46080000.0,0.0,0.0,46080000.0
middle,qat,int4,LC2.dconv3x1,conv2d,1,"{""dense"": 1}",240000,20339.0,14698,0.08474583333333334,0.061241666666666666,34560000.0,34560000.0,0.0,0.0,34560000.0,0.0,0.0,34560000.0
middle,qat,int4,LC2.dconv1x3,conv2d,1,"{""dense"": 1}",120000,17307.556640625,120000,0.144229638671875,1.0,11520000.0,11520000.0,0.0,0.0,11520000.0,0.0,0.0,11520000.0
middle,qat,int4,LC3.dconv3x1,conv2d,1,"{""dense"": 1}",20000,4960.0,4084,0.248,0.2042,960000.0,960000.0,0.0,0.0,960000.0,0.0,0.0,960000.0
middle,qat,int4,LC3.dconv1x3,conv2d,1,"{""dense"": 1}",10000,1614.81005859375,10000,0.161481005859375,1.0,960000.0,960000.0,0.0,0.0,960000.0,0.0,0.0,960000.0
middle,qat,int4,final_conv,conv2d,1,"{""dense"": 1}",1280000,362305.0,258346,0.28305078125,0.2018328125,368640000.0,368640000.0,0.0,0.0,368640000.0,0.0,0.0,368640000.0
middle,qat,int4,classifier.0.conv,conv2d,1,"{""dense"": 1}",5120000,1486301.25,5120000,0.290293212890625,1.0,30720000.0,30720000.0,0.0,0.0,30720000.0,0.0,0.0,30720000.0
max,fp,fp,init_conv.0.conv,conv2d,1,"{""dense"": 1}",480000,191707.6875,480000,0.399391015625,1.0,138240000.0,138240000.0,0.0,0.0,138240000.0,0.0,0.0,138240000.0
max,fp,fp,init_conv.1.conv,conv2d,1,"{""dense"": 1}",5120000,2606948.0,1247856,0.50916953125,0.243721875,2949120000.0,2949120000.0,0.0,0.0,2949120000.0,0.0,0.0,2949120000.0
max,fp,fp,init_conv.2.conv,conv2d,1,"{""dense"": 1}",10240000,1865735.0,1509931,0.18220068359375,0.14745419921875,1474560000.0,1474560000.0,0.0,0.0,1474560000.0,0.0,0.0,1474560000.0
max,fp,fp,downsample_1.conv3x3.conv,conv2d,1,"{""dense"": 1}",2560000,477252.0,414875,0.1864265625,0.162060546875,368640000.0,368640000.0,0.0,0.0,368640000.0,0.0,0.0,368640000.0
max,fp,fp,DAB_Block_1.DAB_Module_1_0.conv1x1_in.conv,conv2d,1,"{""dense"": 1}",1280000,276712.0,234092,0.21618125,0.182884375,81920000.0,81920000.0,0.0,0.0,81920000.0,0.0,0.0,81920000.0
max,fp,fp,DAB_Block_1.DAB_Module_1_0.conv3x1.conv,conv2d,1,"{""dense"": 1}",640000,145432.0,132398,0.2272375,0.206871875,122880000.0,122880000.0,0.0,0.0,122880000.0,0.0,0.0,122880000.0
max,fp,fp,DAB_Block_1.DAB_Module_1_0.conv1x3.conv,conv2d,1,"{""dense"": 1}",640000,142454.0,130492,0.222584375,0.20389375,122880000.0,122880000.0,0.0,0.0,122880000.0,0.0,0.0,122880000.0
max,fp,fp,DAB_Block_1.DAB_Module_1_0.dconv3x1.conv,conv2d,1,"{""dense"": 1}",640000,185194.0,160759,0.289365625,0.2511859375,1920000.0,1920000.0,0.0,0.0,1920000.0,0.0,0.0,1920000.0
max,fp,fp,DAB_Block_1.DAB_Module_1_0.dconv1x3.conv,conv2d,1,"{""dense"": 1}",640000,51368.0,51359,0.0802625,0.0802484375,1920000.0,1920000.0,0.0,0.0,1920000.0,0.0,0.0,1920000.0
max,fp,fp,DAB_Block_1.DAB_Module_1_0.ddconv3x1.conv,conv2d,1,"{""dense"": 1}",640000,185194.0,160759,0.289365625,0.2511859375,1920000.0,1920000.0,0.0,0.0,1920000.0,0.0,0.0,1920000.0
max,fp,fp,DAB_Block_1.DAB_Module_1_0.ddconv1x3.conv,conv2d,1,"{""dense"": 1}",640000,55239.0,43282,0.0863109375,0.067628125,1920000.0,1920000.0,0.0,0.0,1920000.0,0.0,0.0,1920000.0
max,fp,fp,DAB_Block_1.DAB_Module_1_0.conv1x1.conv,conv2d,1,"{""dense"": 1}",640000,196134.0,166571,0.306459375,0.2602671875,81920000.0,81920000.0,0.0,0.0,81920000.0,0.0,0.0,81920000.0
max,fp,fp,downsample_2.conv3x3.conv,conv2d,1,"{""dense"": 1}",1280000,406359.0,347722,0.31746796875,0.2716578125,368640000.0,368640000.0,0.0,0.0,368640000.0,0.0,0.0,368640000.0
max,fp,fp,DAB_Block_2.DAB_Module_2_0.conv1x1_in.conv,conv2d,1,"{""dense"": 1}",320000,24922.0,24014,0.07788125,0.07504375,20480000.0,20480000.0,0.0,0.0,20480000.0,0.0,0.0,20480000.0
max,fp,fp,DAB_Block_2.DAB_Module_2_0.conv3x1.conv,conv2d,1,"{""dense"": 1}",160000,13034.0,13009,0.0814625,0.08130625,30720000.0,30720000.0,0.0,0.0,30720000.0,0.0,0.0,30720000.0
max,fp,fp,DAB_Block_2.DAB_Module_2_0.conv1x3.conv,conv2d,1,"{""dense"": 1}",160000,12888.0,12657,0.08055,0.07910625,30720000.0,30720000.0,0.0,0.0,30720000.0,0.0,0.0,30720000.0
max,fp,fp,DAB_Block_2.DAB_Module_2_0.dconv3x1.conv,conv2d,1,"{""dense"": 1}",160000,9750.0,9707,0.0609375,0.06066875,480000.0,480000.0,0.0,0.0,480000.0,0.0,0.0,480000.0
max,fp,fp,DAB_Block_2.DAB_Module_2_0.dconv1x3.conv,conv2d,1,"{""spike"": 1}",160000,199.0,199,0.00124375,0.00124375,480000.0,0.0,597.0,597.0,597.0,0.0,0.0,597.0
max,fp,fp,DAB_Block_2.DAB_Module_2_0.ddconv3x1.conv,conv2d,1,"{""dense"": 1}",160000,9750.0,9707,0.0609375,0.06066875,480000.0,480000.0,0.0,0.0,480000.0,0.0,0.0,480000.0
max,fp,fp,DAB_Block_2.DAB_Module_2_0.ddconv1x3.conv,conv2d,1,"{""dense"": 1}",160000,1075.0,1073,0.00671875,0.00670625,480000.0,480000.0,0.0,0.0,480000.0,0.0,0.0,480000.0
max,fp,fp,DAB_Block_2.DAB_Module_2_0.conv1x1.conv,conv2d,1,"{""dense"": 1}",160000,10884.0,10315,0.068025,0.06446875,20480000.0,20480000.0,0.0,0.0,20480000.0,0.0,0.0,20480000.0
max,fp,fp,downsample_3.conv3x3.conv,conv2d,1,"{""dense"": 1}",320000,30512.0,28304,0.09535,0.08845,46080000.0,46080000.0,0.0,0.0,46080000.0,0.0,0.0,46080000.0
max,fp,fp,DAB_Block_3.DAB_Module_3_0.conv1x1_in.conv,conv2d,1,"{""dense"": 1}",40000,4288.0,3967,0.1072,0.099175,1280000.0,1280000.0,0.0,0.0,1280000.0,0.0,0.0,1280000.0
max,fp,fp,DAB_Block_3.DAB_Module_3_0.conv3x1.conv,conv2d,1,"{""dense"": 1}",20000,1542.0,1539,0.0771,0.07695,1920000.0,1920000.0,0.0,0.0,1920000.0,0.0,0.0,1920000.0
max,fp,fp,DAB_Block_3.DAB_Module_3_0.conv1x3.conv,conv2d,1,"{""dense"": 1}",20000,1112.0,1108,0.0556,0.0554,1920000.0,1920000.0,0.0,0.0,1920000.0,0.0,0.0,1920000.0
max,fp,fp,DAB_Block_3.DAB_Module_3_0.dconv3x1.conv,conv2d,1,"{""dense"": 1}",20000,816.0,814,0.0408,0.0407,60000.0,60000.0,0.0,0.0,60000.0,0.0,0.0,60000.0
max,fp,fp,DAB_Block_3.DAB_Module_3_0.dconv1x3.conv,conv2d,1,"{""spike"": 1}",20000,365.0,365,0.01825,0.01825,60000.0,0.0,1095.0,1095.0,1095.0,0.0,0.0,1095.0
max,fp,fp,DAB_Block_3.DAB_Module_3_0.ddconv3x1.conv,conv2d,1,"{""dense"": 1}",20000,816.0,814,0.0408,0.0407,60000.0,60000.0,0.0,0.0,60000.0,0.0,0.0,60000.0
max,fp,fp,DAB_Block_3.DAB_Module_3_0.ddconv1x3.conv,conv2d,1,"{""spike"": 1}",20000,11.0,11,0.00055,0.00055,60000.0,0.0,33.0,33.0,33.0,0.0,0.0,33.0
max,fp,fp,DAB_Block_3.DAB_Module_3_0.conv1x1.conv,conv2d,1,"{""dense"": 1}",20000,1272.0,1155,0.0636,0.05775,1280000.0,1280000.0,0.0,0.0,1280000.0,0.0,0.0,1280000.0
max,fp,fp,transformer1.atten.reduce,linear,1,"{""dense"": 1}",360000,10515.435546875,360000,0.029209543185763888,1.0,103680000.0,103680000.0,0.0,0.0,103680000.0,0.0,0.0,103680000.0
max,fp,fp,transformer1.atten.qkv,linear,1,"{""dense"": 1}",180000,10980.0302734375,180000,0.06100016818576389,1.0,155520000.0,155520000.0,0.0,0.0,155520000.0,0.0,0.0,155520000.0
max,fp,fp,transformer1.atten.proj,linear,1,"{""dense"": 1}",180000,7702.541015625,180000,0.04279189453125,1.0,103680000.0,103680000.0,0.0,0.0,103680000.0,0.0,0.0,103680000.0
max,fp,fp,transformer1.mlp.fc1,linear,1,"{""dense"": 1}",360000,1.1296911818740453e-35,359998,3.138031060761237e-41,0.9999944444444444,51840000.0,51840000.0,0.0,0.0,51840000.0,0.0,0.0,51840000.0
max,fp,fp,transformer1.mlp.fc2,linear,1,"{""dense"": 1}",90000,0.006187437102198601,6250,6.874930113554001e-08,0.06944444444444445,51840000.0,51840000.0,0.0,0.0,51840000.0,0.0,0.0,51840000.0
max,fp,fp,DAB_Block_4.DAB_Module_4_0.conv1x1_in.conv,conv2d,1,"{""dense"": 1}",40000,67147.390625,40000,1.678684765625,1.0,1280000.0,1280000.0,0.0,0.0,1280000.0,0.0,0.0,1280000.0
max,fp,fp,DAB_Block_4.DAB_Module_4_0.conv3x1.conv,conv2d,1,"{""spike"": 1}",20000,0.0,0,0.0,0.0,1920000.0,0.0,0.0,0.0,0.0,0.0,0.0,0.0
max,fp,fp,DAB_Block_4.DAB_Module_4_0.conv1x3.conv,conv2d,1,"{""spike"": 1}",20000,0.0,0,0.0,0.0,1920000.0,0.0,0.0,0.0,0.0,0.0,0.0,0.0
max,fp,fp,DAB_Block_4.DAB_Module_4_0.dconv3x1.conv,conv2d,1,"{""spike"": 1}",20000,0.0,0,0.0,0.0,60000.0,0.0,0.0,0.0,0.0,0.0,0.0,0.0
max,fp,fp,DAB_Block_4.DAB_Module_4_0.dconv1x3.conv,conv2d,1,"{""spike"": 1}",20000,0.0,0,0.0,0.0,60000.0,0.0,0.0,0.0,0.0,0.0,0.0,0.0
max,fp,fp,DAB_Block_4.DAB_Module_4_0.ddconv3x1.conv,conv2d,1,"{""spike"": 1}",20000,0.0,0,0.0,0.0,60000.0,0.0,0.0,0.0,0.0,0.0,0.0,0.0
max,fp,fp,DAB_Block_4.DAB_Module_4_0.ddconv1x3.conv,conv2d,1,"{""spike"": 1}",20000,0.0,0,0.0,0.0,60000.0,0.0,0.0,0.0,0.0,0.0,0.0,0.0
max,fp,fp,DAB_Block_4.DAB_Module_4_0.conv1x1.conv,conv2d,1,"{""spike"": 1}",20000,0.0,0,0.0,0.0,1280000.0,0.0,0.0,0.0,0.0,0.0,0.0,0.0
max,fp,fp,upsample_1.conv,conv_transpose2d,1,"{""dense"": 1}",40000,14233.0,11652,0.355825,0.2913,11520000.0,11520000.0,0.0,0.0,11520000.0,0.0,0.0,11520000.0
max,fp,fp,DAB_Block_5.DAB_Module_5_0.conv1x1_in.conv,conv2d,1,"{""dense"": 1}",80000,22470.0,16856,0.280875,0.2107,1280000.0,1280000.0,0.0,0.0,1280000.0,0.0,0.0,1280000.0
max,fp,fp,DAB_Block_5.DAB_Module_5_0.conv3x1.conv,conv2d,1,"{""dense"": 1}",40000,8795.0,7438,0.219875,0.18595,1920000.0,1920000.0,0.0,0.0,1920000.0,0.0,0.0,1920000.0
max,fp,fp,DAB_Block_5.DAB_Module_5_0.conv1x3.conv,conv2d,1,"{""dense"": 1}",40000,6948.0,6075,0.1737,0.151875,1920000.0,1920000.0,0.0,0.0,1920000.0,0.0,0.0,1920000.0
max,fp,fp,DAB_Block_5.DAB_Module_5_0.dconv3x1.conv,conv2d,1,"{""dense"": 1}",40000,3518.0,2811,0.08795,0.070275,120000.0,120000.0,0.0,0.0,120000.0,0.0,0.0,120000.0
max,fp,fp,DAB_Block_5.DAB_Module_5_0.dconv1x3.conv,conv2d,1,"{""spike"": 1}",40000,0.0,0,0.0,0.0,120000.0,0.0,0.0,0.0,0.0,0.0,0.0,0.0
max,fp,fp,DAB_Block_5.DAB_Module_5_0.ddconv3x1.conv,conv2d,1,"{""dense"": 1}",40000,3518.0,2811,0.08795,0.070275,120000.0,120000.0,0.0,0.0,120000.0,0.0,0.0,120000.0
max,fp,fp,DAB_Block_5.DAB_Module_5_0.ddconv1x3.conv,conv2d,1,"{""dense"": 1}",40000,3316.0,2162,0.0829,0.05405,120000.0,120000.0,0.0,0.0,120000.0,0.0,0.0,120000.0
max,fp,fp,DAB_Block_5.DAB_Module_5_0.conv1x1.conv,conv2d,1,"{""dense"": 1}",40000,9560.0,4385,0.239,0.109625,1280000.0,1280000.0,0.0,0.0,1280000.0,0.0,0.0,1280000.0
max,fp,fp,upsample_2.conv,conv_transpose2d,1,"{""dense"": 1}",80000,42983.0,29019,0.5372875,0.3627375,23040000.0,23040000.0,0.0,0.0,23040000.0,0.0,0.0,23040000.0
max,fp,fp,DAB_Block_6.DAB_Module_6_0.conv1x1_in.conv,conv2d,1,"{""dense"": 1}",320000,119080.0,90359,0.372125,0.282371875,5120000.0,5120000.0,0.0,0.0,5120000.0,0.0,0.0,5120000.0
max,fp,fp,DAB_Block_6.DAB_Module_6_0.conv3x1.conv,conv2d,1,"{""dense"": 1}",160000,37785.0,35566,0.23615625,0.2222875,7680000.0,7680000.0,0.0,0.0,7680000.0,0.0,0.0,7680000.0
max,fp,fp,DAB_Block_6.DAB_Module_6_0.conv1x3.conv,conv2d,1,"{""dense"": 1}",160000,37892.0,34101,0.236825,0.21313125,7680000.0,7680000.0,0.0,0.0,7680000.0,0.0,0.0,7680000.0
max,fp,fp,DAB_Block_6.DAB_Module_6_0.dconv3x1.conv,conv2d,1,"{""dense"": 1}",160000,33837.0,32118,0.21148125,0.2007375,480000.0,480000.0,0.0,0.0,480000.0,0.0,0.0,480000.0
max,fp,fp,DAB_Block_6.DAB_Module_6_0.dconv1x3.conv,conv2d,1,"{""dense"": 1}",160000,27330.0,17927,0.1708125,0.11204375,480000.0,480000.0,0.0,0.0,480000.0,0.0,0.0,480000.0
max,fp,fp,DAB_Block_6.DAB_Module_6_0.ddconv3x1.conv,conv2d,1,"{""dense"": 1}",160000,33837.0,32118,0.21148125,0.2007375,480000.0,480000.0,0.0,0.0,480000.0,0.0,0.0,480000.0
max,fp,fp,DAB_Block_6.DAB_Module_6_0.ddconv1x3.conv,conv2d,1,"{""dense"": 1}",160000,5854.0,4528,0.0365875,0.0283,480000.0,480000.0,0.0,0.0,480000.0,0.0,0.0,480000.0
max,fp,fp,DAB_Block_6.DAB_Module_6_0.conv1x1.conv,conv2d,1,"{""dense"": 1}",160000,81543.0,46426,0.50964375,0.2901625,5120000.0,5120000.0,0.0,0.0,5120000.0,0.0,0.0,5120000.0
max,fp,fp,upsample_3.conv,conv_transpose2d,1,"{""dense"": 1}",320000,342018.0,173283,1.06880625,0.541509375,92160000.0,92160000.0,0.0,0.0,92160000.0,0.0,0.0,92160000.0
max,fp,fp,PA3.conv,conv2d,0,{},0,0.0,0,nan,nan,0.0,0.0,0.0,0.0,0.0,0.0,0.0,0.0
max,fp,fp,LC1.dconv3x1,conv2d,1,"{""dense"": 1}",1280000,406359.0,347722,0.31746796875,0.2716578125,245760000.0,245760000.0,0.0,0.0,245760000.0,0.0,0.0,245760000.0
max,fp,fp,LC1.dconv1x3,conv2d,1,"{""dense"": 1}",640000,70890.0,640000,0.110765625,1.0,61440000.0,61440000.0,0.0,0.0,61440000.0,0.0,0.0,61440000.0
max,fp,fp,LC2.dconv3x1,conv2d,1,"{""dense"": 1}",320000,30512.0,28304,0.09535,0.08845,61440000.0,61440000.0,0.0,0.0,61440000.0,0.0,0.0,61440000.0
max,fp,fp,LC2.dconv1x3,conv2d,1,"{""dense"": 1}",160000,7576.7685546875,160000,0.04735480346679687,1.0,15360000.0,15360000.0,0.0,0.0,15360000.0,0.0,0.0,15360000.0
max,fp,fp,LC3.dconv3x1,conv2d,1,"{""dense"": 1}",40000,6389.0,5674,0.159725,0.14185,3840000.0,3840000.0,0.0,0.0,3840000.0,0.0,0.0,3840000.0
max,fp,fp,LC3.dconv1x3,conv2d,1,"{""dense"": 1}",20000,2169.830078125,20000,0.10849150390625,1.0,3840000.0,3840000.0,0.0,0.0,3840000.0,0.0,0.0,3840000.0
max,fp,fp,final_conv,conv2d,1,"{""dense"": 1}",1280000,709568.0,488981,0.55435,0.38201640625,368640000.0,368640000.0,0.0,0.0,368640000.0,0.0,0.0,368640000.0
max,fp,fp,classifier.0.conv,conv2d,1,"{""dense"": 1}",5120000,4216110.0,5120000,0.823458984375,1.0,30720000.0,30720000.0,0.0,0.0,30720000.0,0.0,0.0,30720000.0
max,qat,int4,init_conv.0.conv,conv2d,1,"{""dense"": 1}",480000,191226.25,480000,0.39838802083333336,1.0,138240000.0,138240000.0,0.0,0.0,138240000.0,0.0,0.0,138240000.0
max,qat,int4,init_conv.1.conv,conv2d,1,"{""dense"": 1}",5120000,2592937.0,1119105,0.5064330078125,0.2185751953125,2949120000.0,2949120000.0,0.0,0.0,2949120000.0,0.0,0.0,2949120000.0
max,qat,int4,init_conv.2.conv,conv2d,1,"{""dense"": 1}",10240000,2103432.0,1506567,0.20541328125,0.14712568359375,1474560000.0,1474560000.0,0.0,0.0,1474560000.0,0.0,0.0,1474560000.0
max,qat,int4,downsample_1.conv3x3.conv,conv2d,1,"{""dense"": 1}",2560000,652288.0,505664,0.2548,0.197525,368640000.0,368640000.0,0.0,0.0,368640000.0,0.0,0.0,368640000.0
max,qat,int4,DAB_Block_1.DAB_Module_1_0.conv1x1_in.conv,conv2d,1,"{""dense"": 1}",1280000,362841.0,271902,0.28346953125,0.2124234375,81920000.0,81920000.0,0.0,0.0,81920000.0,0.0,0.0,81920000.0
max,qat,int4,DAB_Block_1.DAB_Module_1_0.conv3x1.conv,conv2d,1,"{""dense"": 1}",640000,140086.0,114561,0.218884375,0.1790015625,122880000.0,122880000.0,0.0,0.0,122880000.0,0.0,0.0,122880000.0
max,qat,int4,DAB_Block_1.DAB_Module_1_0.conv1x3.conv,conv2d,1,"{""dense"": 1}",640000,136815.0,116417,0.2137734375,0.1819015625,122880000.0,122880000.0,0.0,0.0,122880000.0,0.0,0.0,122880000.0
max,qat,int4,DAB_Block_1.DAB_Module_1_0.dconv3x1.conv,conv2d,1,"{""dense"": 1}",640000,252307.0,184407,0.3942296875,0.2881359375,1920000.0,1920000.0,0.0,0.0,1920000.0,0.0,0.0,1920000.0
max,qat,int4,DAB_Block_1.DAB_Module_1_0.dconv1x3.conv,conv2d,1,"{""dense"": 1}",640000,62626.0,42750,0.097853125,0.066796875,1920000.0,1920000.0,0.0,0.0,1920000.0,0.0,0.0,1920000.0
max,qat,int4,DAB_Block_1.DAB_Module_1_0.ddconv3x1.conv,conv2d,1,"{""dense"": 1}",640000,252307.0,184407,0.3942296875,0.2881359375,1920000.0,1920000.0,0.0,0.0,1920000.0,0.0,0.0,1920000.0
max,qat,int4,DAB_Block_1.DAB_Module_1_0.ddconv1x3.conv,conv2d,1,"{""dense"": 1}",640000,72714.0,51081,0.113615625,0.0798140625,1920000.0,1920000.0,0.0,0.0,1920000.0,0.0,0.0,1920000.0
max,qat,int4,DAB_Block_1.DAB_Module_1_0.conv1x1.conv,conv2d,1,"{""dense"": 1}",640000,393644.0,238641,0.61506875,0.3728765625,81920000.0,81920000.0,0.0,0.0,81920000.0,0.0,0.0,81920000.0
max,qat,int4,downsample_2.conv3x3.conv,conv2d,1,"{""dense"": 1}",1280000,280897.0,224912,0.21945078125,0.1757125,368640000.0,368640000.0,0.0,0.0,368640000.0,0.0,0.0,368640000.0
max,qat,int4,DAB_Block_2.DAB_Module_2_0.conv1x1_in.conv,conv2d,1,"{""dense"": 1}",320000,37002.0,31678,0.11563125,0.09899375,20480000.0,20480000.0,0.0,0.0,20480000.0,0.0,0.0,20480000.0
max,qat,int4,DAB_Block_2.DAB_Module_2_0.conv3x1.conv,conv2d,1,"{""dense"": 1}",160000,17188.0,17158,0.107425,0.1072375,30720000.0,30720000.0,0.0,0.0,30720000.0,0.0,0.0,30720000.0
max,qat,int4,DAB_Block_2.DAB_Module_2_0.conv1x3.conv,conv2d,1,"{""dense"": 1}",160000,14880.0,14650,0.093,0.0915625,30720000.0,30720000.0,0.0,0.0,30720000.0,0.0,0.0,30720000.0
max,qat,int4,DAB_Block_2.DAB_Module_2_0.dconv3x1.conv,conv2d,1,"{""dense"": 1}",160000,8545.0,8375,0.05340625,0.05234375,480000.0,480000.0,0.0,0.0,480000.0,0.0,0.0,480000.0
max,qat,int4,DAB_Block_2.DAB_Module_2_0.dconv1x3.conv,conv2d,1,"{""dense"": 1}",160000,934.0,905,0.0058375,0.00565625,480000.0,480000.0,0.0,0.0,480000.0,0.0,0.0,480000.0
max,qat,int4,DAB_Block_2.DAB_Module_2_0.ddconv3x1.conv,conv2d,1,"{""dense"": 1}",160000,8545.0,8375,0.05340625,0.05234375,480000.0,480000.0,0.0,0.0,480000.0,0.0,0.0,480000.0
max,qat,int4,DAB_Block_2.DAB_Module_2_0.ddconv1x3.conv,conv2d,1,"{""dense"": 1}",160000,537.0,525,0.00335625,0.00328125,480000.0,480000.0,0.0,0.0,480000.0,0.0,0.0,480000.0
max,qat,int4,DAB_Block_2.DAB_Module_2_0.conv1x1.conv,conv2d,1,"{""dense"": 1}",160000,10819.0,10156,0.06761875,0.063475,20480000.0,20480000.0,0.0,0.0,20480000.0,0.0,0.0,20480000.0
max,qat,int4,downsample_3.conv3x3.conv,conv2d,1,"{""dense"": 1}",320000,26726.0,25185,0.08351875,0.078703125,46080000.0,46080000.0,0.0,0.0,46080000.0,0.0,0.0,46080000.0
max,qat,int4,DAB_Block_3.DAB_Module_3_0.conv1x1_in.conv,conv2d,1,"{""dense"": 1}",40000,2188.0,2062,0.0547,0.05155,1280000.0,1280000.0,0.0,0.0,1280000.0,0.0,0.0,1280000.0
max,qat,int4,DAB_Block_3.DAB_Module_3_0.conv3x1.conv,conv2d,1,"{""spike"": 1}",20000,907.0,907,0.04535,0.04535,1920000.0,0.0,87072.0,87072.0,87072.0,0.0,0.0,87072.0
max,qat,int4,DAB_Block_3.DAB_Module_3_0.conv1x3.conv,conv2d,1,"{""dense"": 1}",20000,746.0,745,0.0373,0.03725,1920000.0,1920000.0,0.0,0.0,1920000.0,0.0,0.0,1920000.0
max,qat,int4,DAB_Block_3.DAB_Module_3_0.dconv3x1.conv,conv2d,1,"{""dense"": 1}",20000,489.0,460,0.02445,0.023,60000.0,60000.0,0.0,0.0,60000.0,0.0,0.0,60000.0
max,qat,int4,DAB_Block_3.DAB_Module_3_0.dconv1x3.conv,conv2d,1,"{""dense"": 1}",20000,56.0,54,0.0028,0.0027,60000.0,60000.0,0.0,0.0,60000.0,0.0,0.0,60000.0
max,qat,int4,DAB_Block_3.DAB_Module_3_0.ddconv3x1.conv,conv2d,1,"{""dense"": 1}",20000,489.0,460,0.02445,0.023,60000.0,60000.0,0.0,0.0,60000.0,0.0,0.0,60000.0
max,qat,int4,DAB_Block_3.DAB_Module_3_0.ddconv1x3.conv,conv2d,1,"{""spike"": 1}",20000,25.0,25,0.00125,0.00125,60000.0,0.0,75.0,75.0,75.0,0.0,0.0,75.0
max,qat,int4,DAB_Block_3.DAB_Module_3_0.conv1x1.conv,conv2d,1,"{""dense"": 1}",20000,613.0,568,0.03065,0.0284,1280000.0,1280000.0,0.0,0.0,1280000.0,0.0,0.0,1280000.0
max,qat,int4,transformer1.atten.reduce,linear,1,"{""dense"": 1}",360000,12980.0927734375,360000,0.03605581325954861,1.0,103680000.0,103680000.0,0.0,0.0,103680000.0,0.0,0.0,103680000.0
max,qat,int4,transformer1.atten.qkv,linear,1,"{""dense"": 1}",180000,10571.974609375,13654,0.058733192274305554,0.07585555555555555,155520000.0,155520000.0,0.0,0.0,155520000.0,0.0,0.0,155520000.0
max,qat,int4,transformer1.atten.proj,linear,1,"{""dense"": 1}",180000,10638.833984375,5625,0.05910463324652778,0.03125,103680000.0,103680000.0,0.0,0.0,103680000.0,0.0,0.0,103680000.0
max,qat,int4,transformer1.mlp.fc1,linear,1,"{""dense"": 1}",360000,1.1570035606568015e-35,360000,3.213898779602226e-41,1.0,51840000.0,51840000.0,0.0,0.0,51840000.0,0.0,0.0,51840000.0
max,qat,int4,transformer1.mlp.fc2,linear,1,"{""dense"": 1}",90000,9.294269682685616e-37,15000,1.0326966314095129e-41,0.16666666666666666,51840000.0,51840000.0,0.0,0.0,51840000.0,0.0,0.0,51840000.0
max,qat,int4,DAB_Block_4.DAB_Module_4_0.conv1x1_in.conv,conv2d,1,"{""dense"": 1}",40000,33176.8125,40000,0.8294203125,1.0,1280000.0,1280000.0,0.0,0.0,1280000.0,0.0,0.0,1280000.0
max,qat,int4,DAB_Block_4.DAB_Module_4_0.conv3x1.conv,conv2d,1,"{""spike"": 1}",20000,0.0,0,0.0,0.0,1920000.0,0.0,0.0,0.0,0.0,0.0,0.0,0.0
max,qat,int4,DAB_Block_4.DAB_Module_4_0.conv1x3.conv,conv2d,1,"{""spike"": 1}",20000,0.0,0,0.0,0.0,1920000.0,0.0,0.0,0.0,0.0,0.0,0.0,0.0
max,qat,int4,DAB_Block_4.DAB_Module_4_0.dconv3x1.conv,conv2d,1,"{""spike"": 1}",20000,0.0,0,0.0,0.0,60000.0,0.0,0.0,0.0,0.0,0.0,0.0,0.0
max,qat,int4,DAB_Block_4.DAB_Module_4_0.dconv1x3.conv,conv2d,1,"{""spike"": 1}",20000,0.0,0,0.0,0.0,60000.0,0.0,0.0,0.0,0.0,0.0,0.0,0.0
max,qat,int4,DAB_Block_4.DAB_Module_4_0.ddconv3x1.conv,conv2d,1,"{""spike"": 1}",20000,0.0,0,0.0,0.0,60000.0,0.0,0.0,0.0,0.0,0.0,0.0,0.0
max,qat,int4,DAB_Block_4.DAB_Module_4_0.ddconv1x3.conv,conv2d,1,"{""spike"": 1}",20000,0.0,0,0.0,0.0,60000.0,0.0,0.0,0.0,0.0,0.0,0.0,0.0
max,qat,int4,DAB_Block_4.DAB_Module_4_0.conv1x1.conv,conv2d,1,"{""spike"": 1}",20000,0.0,0,0.0,0.0,1280000.0,0.0,0.0,0.0,0.0,0.0,0.0,0.0
max,qat,int4,upsample_1.conv,conv_transpose2d,1,"{""dense"": 1}",40000,3271.0,3051,0.081775,0.076275,11520000.0,11520000.0,0.0,0.0,11520000.0,0.0,0.0,11520000.0
max,qat,int4,DAB_Block_5.DAB_Module_5_0.conv1x1_in.conv,conv2d,1,"{""spike"": 1}",80000,4522.0,4522,0.056525,0.056525,1280000.0,0.0,72352.0,72352.0,72352.0,0.0,0.0,72352.0
max,qat,int4,DAB_Block_5.DAB_Module_5_0.conv3x1.conv,conv2d,1,"{""dense"": 1}",40000,1380.0,1379,0.0345,0.034475,1920000.0,1920000.0,0.0,0.0,1920000.0,0.0,0.0,1920000.0
max,qat,int4,DAB_Block_5.DAB_Module_5_0.conv1x3.conv,conv2d,1,"{""dense"": 1}",40000,383.0,373,0.009575,0.009325,1920000.0,1920000.0,0.0,0.0,1920000.0,0.0,0.0,1920000.0
max,qat,int4,DAB_Block_5.DAB_Module_5_0.dconv3x1.conv,conv2d,1,"{""dense"": 1}",40000,163.0,159,0.004075,0.003975,120000.0,120000.0,0.0,0.0,120000.0,0.0,0.0,120000.0
max,qat,int4,DAB_Block_5.DAB_Module_5_0.dconv1x3.conv,conv2d,1,"{""spike"": 1}",40000,0.0,0,0.0,0.0,120000.0,0.0,0.0,0.0,0.0,0.0,0.0,0.0
max,qat,int4,DAB_Block_5.DAB_Module_5_0.ddconv3x1.conv,conv2d,1,"{""dense"": 1}",40000,163.0,159,0.004075,0.003975,120000.0,120000.0,0.0,0.0,120000.0,0.0,0.0,120000.0
max,qat,int4,DAB_Block_5.DAB_Module_5_0.ddconv1x3.conv,conv2d,1,"{""dense"": 1}",40000,133.0,129,0.003325,0.003225,120000.0,120000.0,0.0,0.0,120000.0,0.0,0.0,120000.0
max,qat,int4,DAB_Block_5.DAB_Module_5_0.conv1x1.conv,conv2d,1,"{""dense"": 1}",40000,419.0,406,0.010475,0.01015,1280000.0,1280000.0,0.0,0.0,1280000.0,0.0,0.0,1280000.0
max,qat,int4,upsample_2.conv,conv_transpose2d,1,"{""dense"": 1}",80000,15768.0,11684,0.1971,0.14605,23040000.0,23040000.0,0.0,0.0,23040000.0,0.0,0.0,23040000.0
max,qat,int4,DAB_Block_6.DAB_Module_6_0.conv1x1_in.conv,conv2d,1,"{""dense"": 1}",320000,65537.0,64723,0.204803125,0.202259375,5120000.0,5120000.0,0.0,0.0,5120000.0,0.0,0.0,5120000.0
max,qat,int4,DAB_Block_6.DAB_Module_6_0.conv3x1.conv,conv2d,1,"{""dense"": 1}",160000,37012.0,33807,0.231325,0.21129375,7680000.0,7680000.0,0.0,0.0,7680000.0,0.0,0.0,7680000.0
max,qat,int4,DAB_Block_6.DAB_Module_6_0.conv1x3.conv,conv2d,1,"{""dense"": 1}",160000,44401.0,40163,0.27750625,0.25101875,7680000.0,7680000.0,0.0,0.0,7680000.0,0.0,0.0,7680000.0
max,qat,int4,DAB_Block_6.DAB_Module_6_0.dconv3x1.conv,conv2d,1,"{""dense"": 1}",160000,36823.0,33605,0.23014375,0.21003125,480000.0,480000.0,0.0,0.0,480000.0,0.0,0.0,480000.0
max,qat,int4,DAB_Block_6.DAB_Module_6_0.dconv1x3.conv,conv2d,1,"{""dense"": 1}",160000,47180.0,26047,0.294875,0.16279375,480000.0,480000.0,0.0,0.0,480000.0,0.0,0.0,480000.0
max,qat,int4,DAB_Block_6.DAB_Module_6_0.ddconv3x1.conv,conv2d,1,"{""dense"": 1}",160000,36823.0,33605,0.23014375,0.21003125,480000.0,480000.0,0.0,0.0,480000.0,0.0,0.0,480000.0
max,qat,int4,DAB_Block_6.DAB_Module_6_0.ddconv1x3.conv,conv2d,1,"{""dense"": 1}",160000,7918.0,4135,0.0494875,0.02584375,480000.0,480000.0,0.0,0.0,480000.0,0.0,0.0,480000.0
max,qat,int4,DAB_Block_6.DAB_Module_6_0.conv1x1.conv,conv2d,1,"{""dense"": 1}",160000,162939.0,49635,1.01836875,0.31021875,5120000.0,5120000.0,0.0,0.0,5120000.0,0.0,0.0,5120000.0
max,qat,int4,upsample_3.conv,conv_transpose2d,1,"{""dense"": 1}",320000,346053.0,167882,1.081415625,0.52463125,92160000.0,92160000.0,0.0,0.0,92160000.0,0.0,0.0,92160000.0
max,qat,int4,PA3.conv,conv2d,0,{},0,0.0,0,nan,nan,0.0,0.0,0.0,0.0,0.0,0.0,0.0,0.0
max,qat,int4,LC1.dconv3x1,conv2d,1,"{""dense"": 1}",1280000,280897.0,224912,0.21945078125,0.1757125,245760000.0,245760000.0,0.0,0.0,245760000.0,0.0,0.0,245760000.0
max,qat,int4,LC1.dconv1x3,conv2d,1,"{""dense"": 1}",640000,116306.3046875,640000,0.18172860107421876,1.0,61440000.0,61440000.0,0.0,0.0,61440000.0,0.0,0.0,61440000.0
max,qat,int4,LC2.dconv3x1,conv2d,1,"{""dense"": 1}",320000,26726.0,25185,0.08351875,0.078703125,61440000.0,61440000.0,0.0,0.0,61440000.0,0.0,0.0,61440000.0
max,qat,int4,LC2.dconv1x3,conv2d,1,"{""dense"": 1}",160000,10865.45703125,160000,0.0679091064453125,1.0,15360000.0,15360000.0,0.0,0.0,15360000.0,0.0,0.0,15360000.0
max,qat,int4,LC3.dconv3x1,conv2d,1,"{""dense"": 1}",40000,2143.0,2110,0.053575,0.05275,3840000.0,3840000.0,0.0,0.0,3840000.0,0.0,0.0,3840000.0
max,qat,int4,LC3.dconv1x3,conv2d,1,"{""dense"": 1}",20000,2290.73095703125,20000,0.1145365478515625,1.0,3840000.0,3840000.0,0.0,0.0,3840000.0,0.0,0.0,3840000.0
max,qat,int4,final_conv,conv2d,1,"{""dense"": 1}",1280000,156548.0,155732,0.122303125,0.121665625,368640000.0,368640000.0,0.0,0.0,368640000.0,0.0,0.0,368640000.0
max,qat,int4,classifier.0.conv,conv2d,1,"{""dense"": 1}",5120000,3261439.25,5120000,0.636999853515625,1.0,30720000.0,30720000.0,0.0,0.0,30720000.0,0.0,0.0,30720000.0
