rel_time_s,wall_time_s,power_w,temperature_c,gpu_util_pct,sm_clock_mhz,mem_clock_mhz,phase
0.00025493279099464417,1783619456.181385,107.338,34,27,2332,12481,active
0.030407994985580444,1783619456.2056203,107.338,34,28,2332,12481,active
0.05141131952404976,1783619456.226567,107.338,34,28,2332,12481,active
0.07235080748796463,1783619456.2476616,107.338,34,28,2332,12481,active
0.09408502839505672,1783619456.2684262,107.338,34,27,2332,12481,active
0.11417821608483791,1783619456.288518,107.338,34,27,2332,12481,active
0.13427244126796722,1783619456.3086069,107.338,34,27,2332,12481,active
0.15436016395688057,1783619456.3286953,107.338,34,27,2332,12481,active
0.17445854283869267,1783619456.3487926,107.338,34,27,2332,12481,active
0.19454814679920673,1783619456.368882,113.967,34,27,2332,12481,active
0.21462616324424744,1783619456.3889763,113.967,34,27,2332,12481,active
0.23473618365824223,1783619456.4090793,113.967,34,27,2332,12481,active
0.25494675524532795,1783619456.4292808,113.967,34,27,2332,12481,active
0.27503336034715176,1783619456.4493678,113.967,34,27,2332,12481,active
0.2951343283057213,1783619456.469468,118.539,34,28,2332,12481,active
0.3152214642614126,1783619456.4895566,118.539,34,28,2332,12481,active
0.3353320397436619,1783619456.5096748,118.539,34,28,2332,12481,active
0.3554287273436785,1783619456.5297804,118.539,34,28,2332,12481,active
0.37553311698138714,1783619456.5498788,118.539,34,28,2332,12481,active
0.3956376202404499,1783619456.569977,125.59,34,28,2332,12481,active
0.4157310016453266,1783619456.5900643,125.59,34,28,2332,12481,active
0.4362061433494091,1783619456.6105523,125.59,34,28,2332,12481,active
0.4563063681125641,1783619456.63064,125.59,34,28,2332,12481,active
0.4764475245028734,1783619456.6507812,125.59,34,28,2332,12481,active
0.49654578790068626,1783619456.6708906,125.254,34,27,2332,12481,active
0.516664694994688,1783619456.6910126,125.254,34,27,2332,12481,active
0.5367891062051058,1783619456.711128,125.254,34,27,2332,12481,active
0.5569273829460144,1783619456.7312632,125.254,34,27,2332,12481,active
0.5770659428089857,1783619456.75141,125.254,34,27,2332,12481,active
0.5971985831856728,1783619456.7715423,128.884,34,27,2332,12481,active
0.6173302233219147,1783619456.7917182,128.884,34,27,2332,12481,active
0.6375121511518955,1783619456.811865,128.884,34,27,2332,12481,active
0.6576679591089487,1783619456.8320067,128.884,34,27,2332,12481,active
0.6777806356549263,1783619456.8521523,128.884,34,27,2332,12481,active
0.697944488376379,1783619456.8722808,128.139,34,27,2332,12481,active
0.7180760111659765,1783619456.8924334,128.139,34,27,2332,12481,active
0.7382124401628971,1783619456.9125483,128.139,34,27,2332,12481,active
0.7583996634930372,1783619456.9327419,128.139,34,27,2332,12481,active
0.778514439240098,1783619456.9528768,128.139,34,27,2332,12481,active
0.7986712362617254,1783619456.9730191,128.265,34,27,2332,12481,active
0.8188420031219721,1783619456.993185,128.265,34,27,2332,12481,active
0.838965030387044,1783619457.0133038,128.265,34,27,2332,12481,active
0.8590716831386089,1783619457.0334167,128.265,34,27,2332,12481,active
0.8791843242943287,1783619457.0535204,128.265,34,27,2332,12481,active
0.8993010763078928,1783619457.073643,128.649,34,28,2332,12481,active
0.9194238390773535,1783619457.0937648,128.649,34,28,2332,12481,active
0.9395446553826332,1783619457.1138945,128.649,34,28,2332,12481,active
0.9596884995698929,1783619457.1340234,128.649,34,28,2332,12481,active
0.9797859471291304,1783619457.1541262,128.649,34,28,2332,12481,active
0.9998898841440678,1783619457.1742322,129.69,34,28,2332,12481,active
1.0200474951416254,1783619457.1944087,129.69,34,28,2332,12481,active
1.040203945711255,1783619457.2145598,129.69,34,28,2332,12481,active
1.0603797230869532,1783619457.234735,129.69,34,28,2332,12481,active
1.0805950835347176,1783619457.2549434,129.69,34,28,2332,12481,active
1.100740222260356,1783619457.2751105,130.249,34,28,2332,12481,active
1.1210398729890585,1783619457.2953868,130.249,34,28,2332,12481,active
1.1411891039460897,1783619457.3155515,130.249,34,28,2332,12481,active
1.161374120041728,1783619457.3357325,130.249,34,28,2332,12481,active
1.1815384179353714,1783619457.3559167,130.249,34,28,2332,12481,active
1.2017183601856232,1783619457.3760757,130.872,34,28,2332,12481,active
1.2218759637326002,1783619457.3962245,130.872,34,28,2332,12481,active
1.242022192105651,1783619457.4163907,130.872,34,28,2332,12481,active
1.2621983792632818,1783619457.4365716,130.872,34,28,2332,12481,active
1.28238720074296,1783619457.4567542,130.872,34,28,2332,12481,active
1.30255975574255,1783619457.4769385,129.509,34,28,2332,12481,active
1.3227374479174614,1783619457.4971058,129.509,34,28,2332,12481,active
1.3429125174880028,1783619457.5172944,129.509,34,28,2332,12481,active
1.3630941715091467,1783619457.5374465,129.509,34,28,2332,12481,active
1.3832341637462378,1783619457.557584,129.509,34,28,2332,12481,active
1.4033689964562654,1783619457.5777156,129.8,34,28,2332,12481,active
1.4235138799995184,1783619457.5978613,129.8,34,28,2332,12481,active
1.443648163229227,1783619457.6179948,129.8,34,28,2332,12481,active
1.4637804068624973,1783619457.6381266,129.8,34,28,2332,12481,active
1.4839136470109224,1783619457.65826,129.8,34,28,2332,12481,active
1.5040459521114826,1783619457.6783924,128.772,34,27,2332,12481,active
1.524179121479392,1783619457.6985273,128.772,34,27,2332,12481,active
1.5443415939807892,1783619457.7186892,128.772,34,27,2332,12481,active
1.5644883327186108,1783619457.7388372,128.772,34,27,2332,12481,active
1.5846596136689186,1783619457.7590182,128.772,34,27,2332,12481,active
1.6048416085541248,1783619457.7792134,129.493,34,27,2332,12481,active
1.6250244956463575,1783619457.7993743,129.493,34,27,2332,12481,active
1.6451688427478075,1783619457.819517,129.493,34,27,2332,12481,active
1.665303336456418,1783619457.839652,129.493,34,27,2332,12481,active
1.6854344680905342,1783619457.8597867,129.899,34,28,2332,12481,active
1.7055826839059591,1783619457.8799365,129.899,34,28,2332,12481,active
1.7257441878318787,1783619457.9000926,129.899,34,28,2332,12481,active
1.7458760291337967,1783619457.9202445,129.899,34,28,2332,12481,active
1.7660297751426697,1783619457.940378,129.899,34,28,2332,12481,active
1.7861643359065056,1783619457.9605107,129.275,34,28,2332,12481,active
1.806285247206688,1783619457.9806411,129.275,34,28,2332,12481,active
1.82642493955791,1783619458.000772,129.275,34,28,2332,12481,active
1.8465504683554173,1783619458.0208979,129.275,34,28,2332,12481,active
1.8666748590767384,1783619458.041029,129.275,34,28,2332,12481,active
1.886807369068265,1783619458.06116,128.602,34,27,2332,12481,active
1.9069330021739006,1783619458.0812745,128.602,34,27,2332,12481,active
1.9270396959036589,1783619458.1013772,128.602,34,27,2332,12481,active
1.947127129882574,1783619458.1214604,128.602,34,27,2332,12481,active
1.9672107081860304,1783619458.1415434,128.602,34,27,2332,12481,active
1.9872789587825537,1783619458.1616201,128.884,34,27,2332,12481,active
2.0073655042797327,1783619458.1816986,128.884,34,27,2332,12481,active
2.027436563745141,1783619458.201769,128.884,34,27,2332,12481,active
2.047804344445467,1783619458.2221367,128.884,34,27,2332,12481,active
2.067881364375353,1783619458.2422142,128.884,34,27,2332,12481,active
2.0879620295017958,1783619458.2622948,127.874,34,28,2332,12481,active
2.108046980574727,1783619458.2823796,127.874,34,28,2332,12481,active
2.128142761066556,1783619458.3024817,127.874,34,28,2332,12481,active
2.1482425425201654,1783619458.322575,127.874,34,28,2332,12481,active
2.1683231871575117,1783619458.3426566,127.874,34,28,2332,12481,active
2.1884190794080496,1783619458.3627517,128.118,34,28,2332,12481,active
2.20849740691483,1783619458.3828337,128.118,34,28,2332,12481,active
2.2285996098071337,1783619458.4029326,128.118,34,28,2332,12481,active
2.248670071363449,1783619458.4230218,128.118,34,28,2332,12481,active
2.26875863596797,1783619458.4431071,128.118,34,28,2332,12481,active
2.288864355534315,1783619458.4631975,126.585,34,27,2332,12481,active
2.3089611679315567,1783619458.483299,126.585,34,27,2332,12481,active
2.329060835763812,1783619458.5033994,126.585,34,27,2332,12481,active
2.349160064011812,1783619458.5235074,126.585,34,27,2332,12481,active
2.369243735447526,1783619458.5435848,126.585,34,27,2332,12481,active
2.3893319349735975,1783619458.5636928,127.154,34,27,2332,12481,active
2.4094310514628887,1783619458.5837634,127.154,34,27,2332,12481,active
2.429527595639229,1783619458.6038604,127.154,34,27,2332,12481,active
2.449620082974434,1783619458.6239526,127.154,34,27,2332,12481,active
2.469687595963478,1783619458.6440213,127.154,34,27,2332,12481,active
2.4897796884179115,1783619458.6641123,128.701,35,28,2332,12481,active
2.5098658204078674,1783619458.6841981,128.701,35,28,2332,12481,active
2.5299563482403755,1783619458.704292,128.701,35,28,2332,12481,active
2.550178477540612,1783619458.7245271,128.701,35,28,2332,12481,active
2.57047769241035,1783619458.7448227,128.701,35,28,2332,12481,active
2.5906040091067553,1783619458.7649395,128.317,34,28,2332,12481,active
2.6107847560197115,1783619458.78513,128.317,34,28,2332,12481,active
2.6309294160455465,1783619458.8052697,128.317,34,28,2332,12481,active
2.651065643876791,1783619458.8254066,128.317,34,28,2332,12481,active
2.6711784470826387,1783619458.845514,128.317,34,28,2332,12481,active
2.6912730000913143,1783619458.8656156,128.317,35,28,2332,12481,active
2.7114123832434416,1783619458.8857505,128.317,35,28,2332,12481,active
2.7315330151468515,1783619458.905871,128.317,35,28,2332,12481,active
2.7516371235251427,1783619458.9259756,128.317,35,28,2332,12481,active
2.7717761024832726,1783619458.946114,128.317,35,28,2332,12481,active
2.7919368110597134,1783619458.9662957,128.17,34,28,2332,12481,active
2.8120944630354643,1783619458.9864347,128.17,34,28,2332,12481,active
2.832200212404132,1783619459.0065424,128.17,34,28,2332,12481,active
2.8523157630115747,1783619459.026658,128.17,34,28,2332,12481,active
2.8724640868604183,1783619459.0467997,128.17,34,28,2332,12481,active
2.8925917129963636,1783619459.0669277,128.183,34,28,2332,12481,active
2.912735803052783,1783619459.0870795,128.183,34,28,2332,12481,active
2.9328744765371084,1783619459.1072128,128.183,34,28,2332,12481,active
2.952982820570469,1783619459.1273248,128.183,34,28,2332,12481,active
2.973269071429968,1783619459.1476073,128.183,34,28,2332,12481,active
2.9933847542852163,1783619459.167726,127.824,34,28,2332,12481,active
3.0135128274559975,1783619459.187849,127.824,34,28,2332,12481,active
3.0336127392947674,1783619459.207956,127.824,34,28,2332,12481,active
3.0537392031401396,1783619459.2280753,127.824,34,28,2332,12481,active
3.0738467909395695,1783619459.248204,127.824,34,28,2332,12481,active
3.0939731914550066,1783619459.2683134,127.291,34,27,2325,12481,active
3.1141049787402153,1783619459.2884433,127.291,34,27,2325,12481,active
3.134237337857485,1783619459.3085825,127.291,34,27,2325,12481,active
3.1543605402112007,1783619459.32872,127.291,34,27,2325,12481,active
3.1745284479111433,1783619459.348871,127.291,34,27,2325,12481,active
3.194642571732402,1783619459.3689785,127.402,35,27,2325,12481,active
3.214782167226076,1783619459.3891225,127.402,35,27,2325,12481,active
3.2349451165646315,1783619459.4092822,127.402,35,27,2325,12481,active
3.255103588104248,1783619459.4294443,127.402,35,27,2325,12481,active
3.2752308510243893,1783619459.4495692,127.402,35,27,2325,12481,active
3.2953423764556646,1783619459.4696817,129.379,35,28,2325,12481,active
3.3154546227306128,1783619459.4898179,129.379,35,28,2325,12481,active
3.33561572432518,1783619459.5099604,129.379,35,28,2325,12481,active
3.355749271810055,1783619459.5301108,129.379,35,28,2325,12481,active
3.3759281933307648,1783619459.5502915,129.379,35,28,2325,12481,active
3.3961246702820063,1783619459.5704947,129.287,35,28,2325,12481,active
3.4163076635450125,1783619459.590665,129.287,35,28,2325,12481,active
3.436474598944187,1783619459.6108315,129.287,35,28,2325,12481,active
3.456646943464875,1783619459.631015,129.287,35,28,2325,12481,active
3.476823227480054,1783619459.6511834,129.287,35,28,2325,12481,active
3.49700322560966,1783619459.671359,128.94,35,27,2325,12481,active
3.5174870882183313,1783619459.6918483,128.94,35,27,2325,12481,active
3.5376416444778442,1783619459.71201,128.94,35,27,2325,12481,active
3.557815920561552,1783619459.7321708,128.94,35,27,2325,12481,active
3.5779902022331953,1783619459.7523475,128.94,35,27,2325,12481,active
3.598153505474329,1783619459.772502,129.321,35,27,2332,12481,active
3.6183341909199953,1783619459.7926822,129.321,35,27,2332,12481,active
3.638485621660948,1783619459.8128495,129.321,35,27,2332,12481,active
3.6587161757051945,1783619459.8330665,129.321,35,27,2332,12481,active
3.678877580910921,1783619459.8532274,129.321,35,27,2332,12481,active
3.699033619835973,1783619459.873395,129.362,35,28,2332,12481,active
3.7192221228033304,1783619459.8936138,129.362,35,28,2332,12481,active
3.7394846118986607,1783619459.913844,129.362,35,28,2332,12481,active
3.7596692964434624,1783619459.9340317,129.362,35,28,2332,12481,active
3.7798890061676502,1783619459.9542458,129.362,35,28,2332,12481,active
3.80004626698792,1783619459.9743993,129.118,35,28,2332,12481,active
3.8202001471072435,1783619459.9945905,129.118,35,28,2332,12481,active
3.840378511697054,1783619460.0147264,129.118,35,28,2332,12481,active
3.8605059552937746,1783619460.0348516,129.118,35,28,2332,12481,active
3.8806356322020292,1783619460.0549812,129.118,35,28,2332,12481,active
3.900760807096958,1783619460.075106,128.713,35,27,2332,12481,active
3.9209045842289925,1783619460.0952508,128.713,35,27,2332,12481,active
3.9410362131893635,1783619460.115382,128.713,35,27,2332,12481,active
3.961171193048358,1783619460.1355166,128.713,35,27,2332,12481,active
3.9812921844422817,1783619460.1556356,128.713,35,27,2332,12481,active
4.001417484134436,1783619460.1757612,129.419,35,27,2332,12481,active
4.021553004160523,1783619460.1958983,129.419,35,27,2332,12481,active
4.041674681007862,1783619460.21602,129.419,35,27,2332,12481,active
4.061804609373212,1783619460.2361455,129.419,35,27,2332,12481,active
4.08189594373107,1783619460.2562373,129.419,35,27,2332,12481,active
4.101986803114414,1783619460.2763202,130.311,35,28,2332,12481,active
4.122085306793451,1783619460.2964182,130.311,35,28,2332,12481,active
4.142154907807708,1783619460.3164883,130.311,35,28,2332,12481,active
4.162233015522361,1783619460.336566,130.311,35,28,2332,12481,active
4.1823137160390615,1783619460.3566616,130.311,35,28,2332,12481,active
4.2024672869592905,1783619460.376843,130.924,35,28,2332,12481,active
4.222848415374756,1783619460.3971915,130.924,35,28,2332,12481,active
4.242983831092715,1783619460.4173253,130.924,35,28,2332,12481,active
4.2631085850298405,1783619460.4374495,130.924,35,28,2332,12481,active
4.283264987170696,1783619460.4576044,130.924,35,28,2332,12481,active
4.303392633795738,1783619460.4777298,129.102,35,28,2325,12481,active
4.3235185239464045,1783619460.4978547,129.102,35,28,2325,12481,active
4.343639779835939,1783619460.5179787,129.102,35,28,2325,12481,active
4.363748837262392,1783619460.538102,129.102,35,28,2325,12481,active
4.383877737447619,1783619460.5582278,129.102,35,28,2325,12481,active
4.40401260741055,1783619460.5783494,129.146,35,28,2325,12481,active
4.424134738743305,1783619460.5984738,129.146,35,28,2325,12481,active
4.444256095215678,1783619460.6185951,129.146,35,28,2325,12481,active
4.464390063658357,1783619460.6387303,129.146,35,28,2325,12481,active
4.484528057277203,1783619460.658884,129.146,35,28,2325,12481,active
4.504671359434724,1783619460.6790109,128.734,35,28,2325,12481,active
4.524800267070532,1783619460.6991413,128.734,35,28,2325,12481,active
4.544950945302844,1783619460.7192893,128.734,35,28,2325,12481,active
4.565093642100692,1783619460.7394607,128.734,35,28,2325,12481,active
4.5853079948574305,1783619460.759649,128.734,35,28,2325,12481,active
4.605436312034726,1783619460.779781,128.601,35,28,2325,12481,active
4.625630730763078,1783619460.7999701,128.601,35,28,2325,12481,active
4.6458524111658335,1783619460.8202033,128.601,35,28,2325,12481,active
4.665994271636009,1783619460.8403456,128.601,35,28,2325,12481,active
4.686122942715883,1783619460.8604634,128.167,35,27,2325,12481,active
4.7062539998441935,1783619460.8805945,128.167,35,27,2325,12481,active
4.726380040869117,1783619460.9007225,128.167,35,27,2325,12481,active
4.746505416929722,1783619460.9208546,128.167,35,27,2325,12481,active
4.766639048233628,1783619460.9409742,128.167,35,27,2325,12481,active
4.786796484142542,1783619460.9611788,128.04,35,27,2325,12481,active
4.806971125304699,1783619460.9813097,128.04,35,27,2325,12481,active
4.8270963076502085,1783619461.0014346,128.04,35,27,2325,12481,active
4.847214994952083,1783619461.0215507,128.04,35,27,2325,12481,active
4.867323417216539,1783619461.041661,128.04,35,27,2325,12481,active
4.887431770563126,1783619461.0617728,128.851,35,28,2325,12481,active
4.907561790198088,1783619461.0819118,128.851,35,28,2325,12481,active
4.927802732214332,1783619461.1021411,128.851,35,28,2325,12481,active
4.947935516014695,1783619461.1222763,128.851,35,28,2325,12481,active
4.968074828386307,1783619461.142417,128.851,35,28,2325,12481,active
4.988205868750811,1783619461.1625445,128.552,35,28,2325,12481,active
5.008354609832168,1783619461.1826909,128.552,35,28,2325,12481,active
5.028482677415013,1783619461.2028182,128.552,35,28,2325,12481,active
5.048588732257485,1783619461.2229269,128.552,35,28,2325,12481,active
5.06870885938406,1783619461.2430623,128.552,35,28,2325,12481,active
5.088843559846282,1783619461.2631857,129.671,35,28,2325,12481,active
5.108973355963826,1783619461.2833126,129.671,35,28,2325,12481,active
5.129083739593625,1783619461.3034253,129.671,35,28,2325,12481,active
5.149210384115577,1783619461.3235466,129.671,35,28,2325,12481,active
5.169351123273373,1783619461.34369,129.671,35,28,2325,12481,active
5.1894915495067835,1783619461.3638275,129.046,35,28,2325,12481,active
5.209589308127761,1783619461.3839478,129.046,35,28,2325,12481,active
5.229728987440467,1783619461.404072,129.046,35,28,2325,12481,active
5.249864634126425,1783619461.4242027,129.046,35,28,2325,12481,active
5.269980560988188,1783619461.4443233,129.046,35,28,2325,12481,active
5.290108764544129,1783619461.4644444,129.046,35,28,2325,12481,active
5.310226170346141,1783619461.4845617,129.046,35,28,2325,12481,active
5.330321742221713,1783619461.5046623,129.046,35,28,2325,12481,active
5.35043566301465,1783619461.5247774,129.046,35,28,2325,12481,active
5.370551252737641,1783619461.5448928,129.046,35,28,2325,12481,active
5.390669086948037,1783619461.5650115,129.236,35,28,2325,12481,active
5.410792218521237,1783619461.5851343,129.236,35,28,2325,12481,active
5.430928811430931,1783619461.6052666,129.236,35,28,2325,12481,active
5.451080119237304,1783619461.6254187,129.236,35,28,2325,12481,active
5.471256170421839,1783619461.6456149,129.236,35,28,2325,12481,active
5.491456666961312,1783619461.6658413,130.549,35,27,2325,12481,active
5.511714603751898,1783619461.6860845,130.549,35,27,2325,12481,active
5.5320176258683205,1783619461.706389,130.549,35,27,2325,12481,active
5.552203319966793,1783619461.7265692,130.549,35,27,2325,12481,active
5.572389043867588,1783619461.7467527,130.549,35,27,2325,12481,active
5.592584101483226,1783619461.7669451,129.908,35,27,2325,12481,active
5.61278354562819,1783619461.787147,129.908,35,27,2325,12481,active
5.632978519424796,1783619461.807345,129.908,35,27,2325,12481,active
5.653146896511316,1783619461.8275123,129.908,35,27,2325,12481,active
5.673354819417,1783619461.8477142,129.908,35,27,2325,12481,active
5.693547120317817,1783619461.8679068,129.617,35,27,2325,12481,active
5.713708491995931,1783619461.888072,129.617,35,27,2325,12481,active
5.7338971477001905,1783619461.9082575,129.617,35,27,2325,12481,active
5.754060611128807,1783619461.928422,129.617,35,27,2325,12481,active
5.774227946996689,1783619461.9485786,129.617,35,27,2325,12481,active
5.794381516054273,1783619461.9687328,130.248,35,27,2325,12481,active
5.8145407643169165,1783619461.9888902,130.248,35,27,2325,12481,active
5.834697091951966,1783619462.0090458,130.248,35,27,2325,12481,active
5.854836722835898,1783619462.0291858,130.248,35,27,2325,12481,active
5.874981636181474,1783619462.049353,130.248,35,27,2325,12481,active
0.00020568445324897766,1783619462.0610247,129.836,35,28,2325,12481,idle
0.020439164713025093,1783619462.081204,129.836,35,28,2325,12481,idle
0.04055505059659481,1783619462.1013153,129.836,35,28,2325,12481,idle
0.06064478121697903,1783619462.1214032,129.836,35,28,2325,12481,idle
0.08072967268526554,1783619462.1414986,129.836,35,28,2325,12481,idle
0.10082992352545261,1783619462.1615877,125.773,34,28,2325,12481,idle
0.12092976458370686,1783619462.1816876,125.773,34,28,2325,12481,idle
0.14102587290108204,1783619462.2017837,125.773,34,28,2325,12481,idle
0.16112016141414642,1783619462.2218783,125.773,34,28,2325,12481,idle
0.18121451698243618,1783619462.241972,125.773,34,28,2325,12481,idle
0.2013098169118166,1783619462.262068,122.234,34,0,2325,12481,idle
0.22140298038721085,1783619462.2821608,122.234,34,0,2325,12481,idle
0.24149861000478268,1783619462.3022573,122.234,34,0,2325,12481,idle
0.2615978866815567,1783619462.3223555,122.234,34,0,2325,12481,idle
0.2817122098058462,1783619462.3424978,122.234,34,0,2325,12481,idle
0.3018935639411211,1783619462.3626554,117.266,34,0,2325,12481,idle
0.32200469635427,1783619462.3827658,117.266,34,0,2325,12481,idle
0.3421103209257126,1783619462.4028704,117.266,34,0,2325,12481,idle
0.3622100409120321,1783619462.4229689,117.266,34,0,2325,12481,idle
0.3823081459850073,1783619462.4430661,117.266,34,0,2325,12481,idle
0.4024021103978157,1783619462.4631593,112.249,34,0,2332,12481,idle
0.42249464988708496,1783619462.4832518,112.249,34,0,2332,12481,idle
0.4425837770104408,1783619462.5033407,112.249,34,0,2332,12481,idle
0.46267382614314556,1783619462.5234308,112.249,34,0,2332,12481,idle
0.48276424780488014,1783619462.5435212,112.249,34,0,2332,12481,idle
0.5028560888022184,1783619462.5636137,109.989,34,0,2332,12481,idle
0.5229477770626545,1783619462.5837052,109.989,34,0,2332,12481,idle
0.5430391766130924,1783619462.6037965,109.989,34,0,2332,12481,idle
0.563129972666502,1783619462.6238875,109.989,34,0,2332,12481,idle
0.5832264013588428,1783619462.643986,109.989,34,0,2332,12481,idle
0.603327065706253,1783619462.6640847,106.778,34,0,2332,12481,idle
0.6234199292957783,1783619462.6841772,106.778,34,0,2332,12481,idle
0.643513061106205,1783619462.7042704,106.778,34,0,2332,12481,idle
0.6636079326272011,1783619462.7243657,106.778,34,0,2332,12481,idle
0.6837252173572779,1783619462.7444823,106.778,34,0,2332,12481,idle
0.7038179729133844,1783619462.7645764,102.268,34,0,2332,12481,idle
0.7239115927368402,1783619462.7846692,102.268,34,0,2332,12481,idle
0.7440062034875154,1783619462.8047636,102.268,34,0,2332,12481,idle
0.7640985287725925,1783619462.8248558,102.268,34,0,2332,12481,idle
0.7841892763972282,1783619462.8449464,102.268,34,0,2332,12481,idle
0.8042819611728191,1783619462.8650393,98.73,34,0,2332,12481,idle
0.8243776205927134,1783619462.8851354,98.73,34,0,2332,12481,idle
0.8444800172001123,1783619462.9052374,98.73,34,0,2332,12481,idle
0.8645719178020954,1783619462.9253297,98.73,34,0,2332,12481,idle
0.884666308760643,1783619462.9454236,98.73,34,0,2332,12481,idle
0.9047592338174582,1783619462.965517,95.64,34,0,2332,12481,idle
0.9248551093041897,1783619462.9856126,95.64,34,0,2332,12481,idle
0.9449489768594503,1783619463.0057065,95.64,34,0,2332,12481,idle
0.9650403093546629,1783619463.0257974,95.64,34,0,2332,12481,idle
0.985130075365305,1783619463.0458877,95.64,34,0,2332,12481,idle
1.0052209738641977,1783619463.0659785,87.767,34,0,2332,12481,idle
1.0253129210323095,1783619463.0860703,87.767,34,0,2332,12481,idle
1.0454037487506866,1783619463.1061616,87.767,34,0,2332,12481,idle
1.0654975455254316,1783619463.1262553,87.767,34,0,2332,12481,idle
1.0855899173766375,1783619463.1463475,87.767,34,0,2332,12481,idle
1.1056798212230206,1783619463.166437,87.767,34,0,2332,12481,idle
1.1257693488150835,1783619463.186527,87.767,34,0,2332,12481,idle
1.145860880613327,1783619463.206618,87.767,34,0,2332,12481,idle
1.1659516040235758,1783619463.2267094,87.767,34,0,2332,12481,idle
1.1860440410673618,1783619463.2468011,87.767,34,0,2332,12481,idle
1.206134295091033,1783619463.2668917,87.767,34,0,2332,12481,idle
1.226230476051569,1783619463.2869883,87.767,34,0,2332,12481,idle
1.2463229652494192,1783619463.3070803,87.767,34,0,2332,12481,idle
1.2664174493402243,1783619463.3271756,87.767,34,0,2332,12481,idle
1.2865116372704506,1783619463.3472686,87.767,34,0,2332,12481,idle
1.306603517383337,1783619463.3673615,87.767,34,0,2332,12481,idle
1.3266950957477093,1783619463.3874526,87.767,34,0,2332,12481,idle
1.3467874564230442,1783619463.4075446,87.767,34,0,2332,12481,idle
1.366878779605031,1783619463.427636,87.767,34,0,2332,12481,idle
1.3869697973132133,1783619463.4477274,87.767,34,0,2332,12481,idle
1.407059395685792,1783619463.4678164,87.767,34,0,2332,12481,idle
1.4271517526358366,1783619463.4879088,87.767,34,0,2332,12481,idle
1.447243394330144,1783619463.5080006,87.767,34,0,2332,12481,idle
1.4673357177525759,1783619463.528093,87.767,34,0,2332,12481,idle
1.487426744773984,1783619463.548184,87.767,34,0,2332,12481,idle
1.5075175892561674,1783619463.568275,87.767,34,0,2332,12481,idle
1.5276087131351233,1783619463.5883663,87.767,34,0,2332,12481,idle
1.5477009937167168,1783619463.6084585,87.767,34,0,2332,12481,idle
1.5677940994501114,1783619463.628552,87.767,34,0,2332,12481,idle
1.587886981666088,1783619463.6486447,87.767,34,0,2332,12481,idle
1.6079813800752163,1783619463.668739,87.767,34,0,2332,12481,idle
1.6280757933855057,1783619463.6888332,87.767,34,0,2332,12481,idle
1.6481683757156134,1783619463.708926,87.767,34,0,2332,12481,idle
1.668260456994176,1783619463.729018,87.767,34,0,2332,12481,idle
1.6883526500314474,1783619463.7491102,87.767,34,0,2332,12481,idle
1.7084463387727737,1783619463.769204,87.767,34,0,2332,12481,idle
1.7285390254110098,1783619463.789296,87.767,34,0,2332,12481,idle
1.7486316170543432,1783619463.8093889,87.767,34,0,2332,12481,idle
1.7687228210270405,1783619463.8294806,87.767,34,0,2332,12481,idle
1.7888141684234142,1783619463.8495715,87.767,34,0,2332,12481,idle
1.8089060373604298,1783619463.869664,87.767,34,0,2332,12481,idle
1.8289986308664083,1783619463.889756,87.767,34,0,2332,12481,idle
1.8490894064307213,1783619463.9098468,87.767,34,0,2332,12481,idle
1.869181701913476,1783619463.9299388,87.767,34,0,2332,12481,idle
1.8892717845737934,1783619463.9500287,87.767,34,0,2332,12481,idle
1.9093617498874664,1783619463.9701195,87.767,34,0,2332,12481,idle
1.9294543657451868,1783619463.990211,87.767,34,0,2332,12481,idle
1.9495492707937956,1783619464.0103114,87.767,34,0,2332,12481,idle
1.9696618523448706,1783619464.0304227,87.767,34,0,2332,12481,idle
1.9897617548704147,1783619464.0505197,87.767,34,0,2332,12481,idle
2.0098528265953064,1783619464.070611,87.321,34,0,2332,12481,idle
2.02994461171329,1783619464.0907037,87.321,34,0,2332,12481,idle
2.050040766596794,1783619464.110801,87.321,34,0,2332,12481,idle
2.0701415855437517,1783619464.130899,87.321,34,0,2332,12481,idle
2.0902329366654158,1783619464.1509898,87.321,34,0,2332,12481,idle
2.1103237215429544,1783619464.171081,87.321,34,0,2332,12481,idle
2.130415465682745,1783619464.191173,87.321,34,0,2332,12481,idle
2.1505084726959467,1783619464.2112675,87.321,34,0,2332,12481,idle
2.1706042140722275,1783619464.2313614,87.321,34,0,2332,12481,idle
2.1906989496201277,1783619464.2514567,87.321,34,0,2332,12481,idle
2.2107908111065626,1783619464.271549,87.321,34,0,2332,12481,idle
2.2308828867971897,1783619464.2916398,87.321,34,0,2332,12481,idle
2.2509750444442034,1783619464.3117342,87.321,34,0,2332,12481,idle
2.2710725013166666,1783619464.3318303,87.321,34,0,2332,12481,idle
2.291165901347995,1783619464.3519237,87.321,34,0,2332,12481,idle
2.3112584371119738,1783619464.3720162,87.321,34,0,2332,12481,idle
2.331351313740015,1783619464.3921092,87.321,34,0,2332,12481,idle
2.3514458127319813,1783619464.412206,87.321,34,0,2332,12481,idle
2.371548268944025,1783619464.4323063,87.321,34,0,2332,12481,idle
2.3916413858532906,1783619464.452399,87.321,34,0,2332,12481,idle
2.411734774708748,1783619464.4724922,87.321,34,0,2332,12481,idle
2.431828036904335,1783619464.492586,87.321,34,0,2332,12481,idle
2.4519202392548323,1783619464.5126772,87.321,34,0,2332,12481,idle
2.472011486068368,1783619464.5327685,87.321,34,0,2332,12481,idle
2.4921013824641705,1783619464.5528584,87.321,34,0,2332,12481,idle
2.5121922213584185,1783619464.5729504,87.321,34,0,2332,12481,idle
2.5322839971631765,1783619464.5930414,87.321,34,0,2332,12481,idle
2.552374681457877,1783619464.613132,87.321,34,0,2332,12481,idle
2.5724810734391212,1783619464.6332383,87.321,34,0,2332,12481,idle
2.5925735495984554,1783619464.653331,87.321,34,0,2332,12481,idle
2.612663211300969,1783619464.673421,87.321,34,0,2332,12481,idle
2.6327555663883686,1783619464.6935132,87.321,34,0,2332,12481,idle
2.6528469137847424,1783619464.7136042,87.321,34,0,2332,12481,idle
2.672936413437128,1783619464.7336946,87.321,34,0,2332,12481,idle
2.6930296700447798,1783619464.7537873,87.321,34,0,2332,12481,idle
2.7131220288574696,1783619464.7738795,87.321,34,0,2332,12481,idle
2.7332129571586847,1783619464.7939703,87.321,34,0,2332,12481,idle
2.753304049372673,1783619464.8140616,87.321,34,0,2332,12481,idle
2.773396911099553,1783619464.834155,87.321,34,0,2332,12481,idle
2.79347531683743,1783619464.8542602,87.321,34,0,2332,12481,idle
2.8136597871780396,1783619464.8744276,87.321,34,0,2332,12481,idle
2.833783432841301,1783619464.8945427,87.321,34,0,2332,12481,idle
2.853884968906641,1783619464.9146426,87.321,34,0,2332,12481,idle
2.873982960358262,1783619464.9347413,87.321,34,0,2332,12481,idle
2.894080523401499,1783619464.9548388,87.321,34,0,2332,12481,idle
2.9141761884093285,1783619464.9749346,87.321,34,0,2332,12481,idle
2.934274848550558,1783619464.9950354,87.321,34,0,2332,12481,idle
2.9543826412409544,1783619465.015148,87.321,34,0,2332,12481,idle
2.9744975212961435,1783619465.035256,87.321,34,0,2332,12481,idle
2.994593981653452,1783619465.0553527,87.321,34,0,2332,12481,idle
3.0146928895264864,1783619465.0754516,87.221,34,0,2332,12481,idle
3.0347924530506134,1783619465.0955513,87.221,34,0,2332,12481,idle
3.054891401901841,1783619465.1156526,87.221,34,0,2332,12481,idle
3.07499554567039,1783619465.1357548,87.221,34,0,2332,12481,idle
3.0950950421392918,1783619465.1558535,87.221,34,0,2332,12481,idle
3.1151948794722557,1783619465.1759536,87.221,34,0,2332,12481,idle
3.1352950632572174,1783619465.1960542,87.221,34,0,2332,12481,idle
3.1553942672908306,1783619465.216153,87.221,34,0,2332,12481,idle
3.1754921693354845,1783619465.23625,87.221,34,0,2332,12481,idle
3.1955846212804317,1783619465.2563424,87.221,34,0,2332,12481,idle
3.2156791780143976,1783619465.2764373,87.221,34,0,2332,12481,idle
3.2357791010290384,1783619465.2965372,87.221,34,0,2332,12481,idle
3.2558977548033,1783619465.3166692,87.221,34,0,2332,12481,idle
3.2760511580854654,1783619465.3368218,87.221,34,0,2332,12481,idle
3.296198684722185,1783619465.3569694,87.221,34,0,2332,12481,idle
3.316358195617795,1783619465.377131,87.221,34,0,2332,12481,idle
3.336524961516261,1783619465.397287,87.221,34,0,2332,12481,idle
3.356635767966509,1783619465.4173942,87.221,34,0,2332,12481,idle
3.376731598749757,1783619465.4374886,87.221,34,0,2332,12481,idle
3.3968233838677406,1783619465.4575808,87.221,34,0,2332,12481,idle
3.4169189389795065,1783619465.4776766,87.221,34,0,2332,12481,idle
3.4370158091187477,1783619465.4977744,87.221,34,0,2332,12481,idle
3.4571137949824333,1783619465.5178711,87.221,34,0,2332,12481,idle
3.477209236472845,1783619465.5379672,87.221,34,0,2332,12481,idle
3.497304940596223,1783619465.5580626,87.221,34,0,2332,12481,idle
3.517399877309799,1783619465.578158,87.221,34,0,2332,12481,idle
3.537495691329241,1783619465.5982537,87.221,34,0,2332,12481,idle
3.557589778676629,1783619465.6183467,87.221,34,0,2332,12481,idle
3.577681489288807,1783619465.6384392,87.221,34,0,2332,12481,idle
3.597776398062706,1783619465.6585338,87.221,34,0,2332,12481,idle
3.617871318012476,1783619465.6786292,87.221,34,0,2332,12481,idle
3.6379676815122366,1783619465.6987255,87.221,34,0,2332,12481,idle
3.658059561625123,1783619465.718817,87.221,34,0,2332,12481,idle
3.6781529635190964,1783619465.7389107,87.221,34,0,2332,12481,idle
3.6982456035912037,1783619465.7590036,87.221,34,0,2332,12481,idle
3.7183396872133017,1783619465.7790976,87.221,34,0,2332,12481,idle
3.738457851111889,1783619465.7992182,87.221,34,0,2332,12481,idle
3.7585694063454866,1783619465.819327,87.221,34,0,2332,12481,idle
3.778667386621237,1783619465.839425,87.221,34,0,2332,12481,idle
3.798760676756501,1783619465.859518,87.221,34,0,2332,12481,idle
3.8188543375581503,1783619465.879612,87.221,34,0,2332,12481,idle
3.838948033750057,1783619465.8997056,87.221,34,0,2332,12481,idle
3.8590415325015783,1783619465.9197993,87.221,34,0,2332,12481,idle
3.8791343700140715,1783619465.939892,87.221,34,0,2332,12481,idle
3.899227563291788,1783619465.9599855,87.221,34,0,2332,12481,idle
3.919319976121187,1783619465.980077,87.221,34,0,2332,12481,idle
3.9394116569310427,1783619466.0001693,87.221,34,0,2332,12481,idle
3.959501728415489,1783619466.0202594,87.221,34,0,2332,12481,idle
3.9795942306518555,1783619466.0403512,87.221,34,0,2332,12481,idle
3.999689085409045,1783619466.0604467,87.221,34,0,2332,12481,idle
4.019781868904829,1783619466.0805395,86.442,34,0,2332,12481,idle
4.039877001196146,1783619466.1006348,86.442,34,0,2332,12481,idle
4.059974888339639,1783619466.1207333,86.442,34,0,2332,12481,idle
4.080073934048414,1783619466.140832,86.442,34,0,2332,12481,idle
4.100170094519854,1783619466.1609282,86.442,34,0,2332,12481,idle
4.120268125087023,1783619466.1810255,86.442,34,0,2332,12481,idle
4.140362724661827,1783619466.20112,86.442,34,0,2332,12481,idle
4.160472860559821,1783619466.22123,86.442,34,0,2332,12481,idle
4.180564872920513,1783619466.241322,86.442,34,0,2332,12481,idle
4.200660277158022,1783619466.2614176,86.442,34,0,2332,12481,idle
4.220758505165577,1783619466.2815182,86.442,34,0,2332,12481,idle
4.240859830752015,1783619466.3016183,86.442,34,0,2332,12481,idle
4.260965323075652,1783619466.3217237,86.442,34,0,2332,12481,idle
4.281063266098499,1783619466.3418214,86.442,34,0,2332,12481,idle
4.301161179319024,1783619466.3619192,86.442,34,0,2332,12481,idle
4.321259692311287,1783619466.382018,86.442,34,0,2332,12481,idle
4.341355126351118,1783619466.402113,86.442,34,0,2332,12481,idle
4.361449468880892,1783619466.4222069,86.442,34,0,2332,12481,idle
4.381542829796672,1783619466.4422998,86.442,34,0,2332,12481,idle
4.401635989546776,1783619466.4623933,86.442,34,0,2332,12481,idle
4.421729356050491,1783619466.4824865,86.442,34,0,2332,12481,idle
4.441826194524765,1783619466.5025833,86.442,34,0,2332,12481,idle
4.461917605251074,1783619466.5226753,86.442,34,0,2332,12481,idle
4.4820106737315655,1783619466.5427687,86.442,34,0,2332,12481,idle
4.502106782048941,1783619466.562867,86.442,34,0,2332,12481,idle
4.522209580987692,1783619466.582967,86.442,34,0,2332,12481,idle
4.542302304878831,1783619466.60306,86.442,34,0,2332,12481,idle
4.562394557520747,1783619466.6231525,86.442,34,0,2332,12481,idle
4.582493282854557,1783619466.643251,86.442,34,0,2332,12481,idle
4.6025886833667755,1783619466.6633465,86.442,34,0,2332,12481,idle
4.622685007750988,1783619466.6834426,86.442,34,0,2332,12481,idle
4.64278014563024,1783619466.7035377,86.442,34,0,2332,12481,idle
4.6628736685961485,1783619466.7236319,86.442,34,0,2332,12481,idle
4.682972297072411,1783619466.74373,86.442,34,0,2332,12481,idle
4.7030673660337925,1783619466.7638257,86.442,34,0,2332,12481,idle
4.723162369802594,1783619466.7839203,86.442,34,0,2332,12481,idle
4.743254832923412,1783619466.8040123,86.442,34,0,2332,12481,idle
4.763345817103982,1783619466.8241036,86.442,34,0,2332,12481,idle
4.783444978296757,1783619466.844203,86.442,34,0,2332,12481,idle
4.803538044914603,1783619466.8642957,86.442,34,0,2332,12481,idle
4.823630038648844,1783619466.8843877,86.442,34,0,2332,12481,idle
4.843722756952047,1783619466.9044805,86.442,34,0,2332,12481,idle
4.86381421238184,1783619466.9245708,86.442,34,0,2332,12481,idle
4.8839133735746145,1783619466.944674,86.442,34,0,2332,12481,idle
4.904016900807619,1783619466.9647748,86.442,34,0,2332,12481,idle
4.92411283031106,1783619466.9848707,86.442,34,0,2332,12481,idle
4.944205978885293,1783619467.0049634,86.442,34,0,2332,12481,idle
4.964299527928233,1783619467.0250566,86.442,34,0,2332,12481,idle
4.984429040923715,1783619467.0451868,86.442,34,0,2332,12481,idle
5.00452315248549,1783619467.0652814,86.198,34,0,2332,12481,idle
5.024616805836558,1783619467.0853744,86.198,34,0,2332,12481,idle
5.044709417968988,1783619467.1054676,86.198,34,0,2332,12481,idle
5.064803741872311,1783619467.1255612,86.198,34,0,2332,12481,idle
5.084903057664633,1783619467.145663,86.198,34,0,2332,12481,idle
5.105009304359555,1783619467.1657703,86.198,34,0,2332,12481,idle
5.125114183872938,1783619467.185872,86.198,34,0,2332,12481,idle
5.145211549475789,1783619467.205969,86.198,34,0,2332,12481,idle
5.1653048526495695,1783619467.2260628,86.198,34,0,2332,12481,idle
5.185398675501347,1783619467.2461562,86.198,34,0,2332,12481,idle
5.2054935824126005,1783619467.2662516,86.198,34,0,2332,12481,idle
5.2255900129675865,1783619467.2863479,86.198,34,0,2332,12481,idle
5.245688611641526,1783619467.3064475,86.198,34,0,2332,12481,idle
5.265790672972798,1783619467.3265488,86.198,34,0,2332,12481,idle
5.285887924954295,1783619467.3466468,86.198,34,0,2332,12481,idle
5.305985821411014,1783619467.3667436,86.198,34,0,2332,12481,idle
5.326086970046163,1783619467.386846,86.198,34,0,2332,12481,idle
5.346185930073261,1783619467.4069436,86.198,34,0,2332,12481,idle
5.366283593699336,1783619467.4270415,86.198,34,0,2332,12481,idle
5.386378213763237,1783619467.4471354,86.198,34,0,2332,12481,idle
5.406474964693189,1783619467.467233,86.198,34,0,2332,12481,idle
5.426581714302301,1783619467.4873397,86.198,34,0,2332,12481,idle
5.446695663034916,1783619467.507467,86.198,34,0,2332,12481,idle
5.466869417577982,1783619467.5276446,86.198,34,0,2332,12481,idle
5.48703295737505,1783619467.5477993,86.198,34,0,2332,12481,idle
5.507177038118243,1783619467.567947,86.198,34,0,2332,12481,idle
5.527315020561218,1783619467.5880742,86.198,34,0,2332,12481,idle
5.547417525202036,1783619467.6081758,86.198,34,0,2332,12481,idle
5.567512257024646,1783619467.6282701,86.198,34,0,2332,12481,idle
5.587606981396675,1783619467.6483648,86.198,34,0,2332,12481,idle
5.607703398913145,1783619467.6684618,86.198,34,0,2332,12481,idle
5.627799618989229,1783619467.688557,86.198,34,0,2332,12481,idle
5.647893222048879,1783619467.7086513,86.198,34,0,2332,12481,idle
5.667987773194909,1783619467.728745,86.198,34,0,2332,12481,idle
5.688078427687287,1783619467.748836,86.198,34,0,2332,12481,idle
5.708173796534538,1783619467.7689314,86.198,34,0,2332,12481,idle
5.728269109502435,1783619467.7890265,86.198,34,0,2332,12481,idle
5.7483613435178995,1783619467.8091187,86.198,34,0,2332,12481,idle
5.768453462049365,1783619467.829211,86.198,34,0,2332,12481,idle
5.788544097915292,1783619467.8493023,86.198,34,0,2332,12481,idle
5.808655820786953,1783619467.869414,86.198,34,0,2332,12481,idle
5.828750289976597,1783619467.8895073,86.198,34,0,2332,12481,idle
5.848844416439533,1783619467.9096022,86.198,34,0,2332,12481,idle
5.8689387403428555,1783619467.9296963,86.198,34,0,2332,12481,idle
