layer,stage,d_w4,d_a4,d_w4a4,mae_w4,mae_a4,mae_w4a4,signed_w4,signed_a4,signed_w4a4,zero_delta_w4,zero_delta_a4,zero_delta_w4a4,sat_delta_w4,sat_delta_a4,sat_delta_w4a4,delta_d_full_minus_w4,delta_d_full_minus_a4,mae_interaction,w4a4_distortion_contribution_share
DAB_Block_1.DAB_Module_1_0.bn_relu.acti,encoder_1,0.2127985819,0.1695494444,0.225514606,0.2285384197,0.179821808,0.2431523405,0.03590600037,0.01845552305,0.04252465728,-0.03072783026,-0.01533081754,-0.03675098312,2.72196395e-07,1.130857277e-07,3.757971939e-07,0.01271602417,0.05596516161,-0.1652078873,0.02540431911
DAB_Block_1.DAB_Module_1_0.ca11.neuron,encoder_1,0.05380098025,0.04551198414,0.05568884151,0.06491545252,0.05536178958,0.06760982411,-0.01845486737,0.004650081613,-0.0189502286,0.01145268537,-0.002993512221,0.01191639168,-8.841299678e-09,1.532290548e-09,-2.235163802e-08,0.00188786126,0.01017685737,-0.052667418,0.006273372378
DAB_Block_1.DAB_Module_1_0.ca22.neuron,encoder_1,0.06344477293,0.05087912479,0.06559427721,0.07260229251,0.05675185964,0.07597494932,-0.01949349248,0.003191544196,-0.01825934105,0.01752562537,-0.001781939141,0.01681916611,-9.264232009e-08,-1.132955156e-07,-1.850496778e-07,0.002149504285,0.01471515243,-0.05337920283,0.007389224047
DAB_Block_1.DAB_Module_1_0.conv1x1.bn_prelu.acti,encoder_1,0.141173986,0.1249386176,0.1461829934,0.1434183143,0.1264957175,0.1487528155,0.001582664068,0.01313053739,0.004253769259,-0.002176166462,-0.01215563013,-0.004640094921,0,0,0,0.00500900735,0.02124437574,-0.1211612163,0.01646757821
DAB_Block_1.DAB_Module_1_0.conv1x1_in.bn_prelu.acti,encoder_1,0.138480666,0.1083327787,0.1486601838,0.1396546392,0.1088140256,0.1504192126,0.02262110222,0.005814909012,0.02719385365,-0.02035091615,-0.005274893856,-0.02411382182,0,0,0,0.01017951774,0.0403274051,-0.09804945224,0.01674663479
DAB_Block_1.DAB_Module_1_0.conv1x3.bn_prelu.acti,encoder_1,0.2036192789,0.1611335787,0.2137950146,0.2072945791,0.162533992,0.217985719,0.02072080545,0.002541624869,0.02292702462,-0.01644418898,-0.001196211906,-0.0179539578,0,0,0,0.01017573575,0.05266143593,-0.151842852,0.024084102
DAB_Block_1.DAB_Module_1_0.conv3x1.bn_prelu.acti,encoder_1,0.1508243437,0.11613697,0.1591969979,0.1517758826,0.1165326346,0.1602701145,0.02432868152,0.004646009828,0.02746063884,-0.02344047334,-0.004543398432,-0.02664055805,0,0,0,0.008372654208,0.04306002791,-0.1080384027,0.01793361151
DAB_Block_1.DAB_Module_1_0.dconv1x3.bn_prelu.acti,encoder_1,0.07071052101,0.05799508715,0.07245206937,0.1053465818,0.08537882696,0.1088702002,-0.01529587958,0.00571290212,-0.01194607476,-0.0002645865853,-0.002785048528,-0.002207529808,-1.284581935e-05,-1.080958311e-05,-1.305046992e-05,0.001741548357,0.01445698222,-0.08185520857,0.008161757336
DAB_Block_1.DAB_Module_1_0.dconv3x1.bn_prelu.acti,encoder_1,0.04651627489,0.03942746974,0.04809314999,0.04831823767,0.04105481937,0.0499104138,-0.003253769789,0.002129623681,-0.002178072875,0.0008613745536,-0.001834629176,-0.0002417999849,0,0,0,0.001576875097,0.008665680255,-0.03946264324,0.005417714403
DAB_Block_1.DAB_Module_1_0.ddconv1x3.bn_prelu.acti,encoder_1,0.07696677257,0.06633674416,0.079270123,0.1083476171,0.08670776691,0.1137363002,-0.01371607056,0.003700461315,-0.0127332514,0.01224240452,-0.001946495071,0.01242080139,-1.308594086e-05,4.287055418e-05,-1.054810687e-05,0.002303350435,0.01293337884,-0.08131908381,0.008929814063
DAB_Block_1.DAB_Module_1_0.ddconv3x1.bn_prelu.acti,encoder_1,0.04940296068,0.04306027556,0.05151743305,0.05431172447,0.0463375438,0.05706482305,-0.003385691776,0.002258989991,-0.002598260011,0.003439710075,-0.001828534774,0.002866556594,0,0,0,0.002114472365,0.008457157482,-0.04358444522,0.005803461388
DAB_Block_2.DAB_Module_2_0.bn_relu.acti,encoder_2,0.118142491,0.09055777968,0.1220943163,0.1296512426,0.09746503195,0.1346150475,0.01299185495,0.003147129783,0.0118815158,-0.01196371259,-0.002854919149,-0.01109044223,-4.969119227e-08,-3.254564984e-08,-5.224221267e-08,0.003951825245,0.0315365366,-0.09250122706,0.01375397818
DAB_Block_2.DAB_Module_2_0.ca11.neuron,encoder_2,0.006891192233,0.005712506028,0.007076467797,0.006891601074,0.005712797321,0.007077009674,0.0005500018528,0.0003651708042,0.0005269144267,-0.000549615917,-0.0003653078008,-0.0005275641515,0,0,0,0.0001852755639,0.001363961768,-0.005527388722,0.0007971671956
DAB_Block_2.DAB_Module_2_0.ca22.neuron,encoder_2,0.007240065427,0.0064717538,0.007497348147,0.007257048107,0.006481130626,0.007516584318,-0.0005901847342,0.0004995916085,-0.0005112581633,0.0005539583781,-0.0005057703746,0.0004732390776,0,0,0,0.0002572827202,0.001025594347,-0.006221594415,0.0008445795513
DAB_Block_2.DAB_Module_2_0.conv1x1.bn_prelu.acti,encoder_2,0.04061553695,0.03369736955,0.04136648715,0.04136599224,0.03419129351,0.04214834251,0.004589419371,0.001279730488,0.004488053652,-0.004844099527,-0.001365069878,-0.004820539222,0,0,0,0.000750950198,0.007669117599,-0.03340894324,0.004659952888
DAB_Block_2.DAB_Module_2_0.conv1x1_in.bn_prelu.acti,encoder_2,0.08988442049,0.06819018002,0.09236620728,0.09037761488,0.06834801075,0.0928720974,0.009809927645,0.001203501759,0.007864124953,-0.0095617404,-0.001279057922,-0.007812861748,0,0,0,0.002481786795,0.02417602726,-0.06585352823,0.01040509369
DAB_Block_2.DAB_Module_2_0.conv1x3.bn_prelu.acti,encoder_2,0.07998829582,0.06269112595,0.081443073,0.08122142128,0.06331945002,0.08278303653,0.01347902403,0.002848521825,0.01291842769,-0.01373461478,-0.002952936983,-0.01332646917,0,0,0,0.001454777175,0.01875194705,-0.06175783477,0.009174597831
DAB_Block_2.DAB_Module_2_0.conv3x1.bn_prelu.acti,encoder_2,0.0887588627,0.06826376165,0.09044959544,0.09033353291,0.06899669507,0.09216428679,0.01254615949,0.001824959311,0.01088405358,-0.01250276239,-0.001866739903,-0.01098934049,0,0,0,0.00169073274,0.02218583379,-0.06716594119,0.01018918653
DAB_Block_2.DAB_Module_2_0.dconv1x3.bn_prelu.acti,encoder_2,0.007025119227,0.005845812634,0.007205377034,0.007305539071,0.005999931243,0.007506271019,0.0007003482411,0.0004185258727,0.0006879973886,-0.0005491513494,-0.000364905666,-0.0005270962272,0,0,0,0.0001802578075,0.0013595644,-0.005799199295,0.0008116888776
DAB_Block_2.DAB_Module_2_0.dconv3x1.bn_prelu.acti,encoder_2,0.006007226557,0.005486357552,0.006121384781,0.006020567253,0.00549113554,0.006136943173,-0.0002766266917,0.0002844037191,-0.0003096228719,0.0002638843448,-0.0002904969388,0.0002907604927,0,0,0,0.0001141582237,0.0006350272288,-0.00537475962,0.0006895766757
DAB_Block_2.DAB_Module_2_0.ddconv1x3.bn_prelu.acti,encoder_2,0.007391719227,0.006702001128,0.007636477262,0.007729989292,0.006975824926,0.008006801282,-0.0007047434949,0.000533384808,-0.0006259978048,0.0005539583781,-0.0005057703746,0.0004732390776,-4.69924812e-09,1.832706767e-09,-4.69924812e-09,0.0002447580357,0.0009344761345,-0.006699012936,0.000860252507
DAB_Block_2.DAB_Module_2_0.ddconv3x1.bn_prelu.acti,encoder_2,0.007011462701,0.005976723483,0.007222490615,0.007092013453,0.006028036144,0.007308303222,-1.270013426e-05,0.0004105267454,1.407391246e-05,-4.272197234e-05,-0.0004247214957,-8.268515709e-05,0,0,0,0.0002110279135,0.001245767132,-0.005811746375,0.00081361673
DAB_Block_3.DAB_Module_3_0.bn_relu.acti,encoder_3,0.1909177629,0.1374276518,0.1950656599,0.2079347666,0.1460945882,0.2129418194,0.02885365747,0.001675598147,0.02475499989,-0.02986661544,-0.002537417723,-0.02782535247,-5.969924812e-06,-4.59264232e-06,-7.482894737e-06,0.004147897046,0.05763800811,-0.1410875354,0.021974232
DAB_Block_3.DAB_Module_3_0.ca11.neuron,encoder_3,0.02860909796,0.01703242374,0.02817807841,0.02957879979,0.01741867814,0.02915755977,0.007537164769,-0.001093288776,0.005923825725,-0.007463623899,0.0009212523631,-0.005972076262,0,0,0,-0.0004310195489,0.01114565467,-0.01783991815,0.00317427287
DAB_Block_3.DAB_Module_3_0.ca22.neuron,encoder_3,0.02566413802,0.01873982863,0.02657526455,0.02644608883,0.01926343502,0.02741415446,0.005124213963,0.0008127402793,0.005179451343,-0.006004524866,-0.0008755344253,-0.006217730183,0,0,0,0.0009111265306,0.007835435929,-0.01829536939,0.002993715187
DAB_Block_3.DAB_Module_3_0.conv1x1.bn_prelu.acti,encoder_3,0.09098640164,0.06770874506,0.0918944083,0.09558070714,0.07005777129,0.09641979793,0.01385863561,0.002264771885,0.01135222704,-0.01381033851,-0.00236789565,-0.01198734885,-6.917293233e-08,-6.203007519e-08,-8.345864662e-08,0.0009080066595,0.02418566324,-0.0692186805,0.01035194533
DAB_Block_3.DAB_Module_3_0.conv1x1_in.bn_prelu.acti,encoder_3,0.1958076763,0.1425233338,0.1979705883,0.1992389846,0.1438708673,0.2015355028,0.02500410467,0.002125015628,0.01890687213,-0.02508936101,-0.002397486305,-0.01977962438,0,0,0,0.002162911976,0.05544725451,-0.141574349,0.02230147345
DAB_Block_3.DAB_Module_3_0.conv1x3.bn_prelu.acti,encoder_3,0.1346655886,0.09471827014,0.1359195459,0.139633483,0.09663790193,0.1406659532,0.02119690902,-0.002411914286,0.01686255032,-0.02164287363,0.001345007787,-0.01852262583,-5.37056928e-09,-5.37056928e-09,-5.37056928e-09,0.00125395725,0.04120127573,-0.09560543174,0.01531139635
DAB_Block_3.DAB_Module_3_0.conv3x1.bn_prelu.acti,encoder_3,0.1670560103,0.1210577788,0.1679655001,0.171767408,0.1232014649,0.1727674424,0.02369064323,9.751611171e-06,0.01774520397,-0.02488430226,-0.000639351826,-0.01991324356,-5.37056928e-09,-5.37056928e-09,-5.37056928e-09,0.0009094897422,0.04690772127,-0.1222014305,0.01892138712
DAB_Block_3.DAB_Module_3_0.dconv1x3.bn_prelu.acti,encoder_3,0.02971463663,0.0180727341,0.02920436176,0.04170636079,0.02529951676,0.04103904028,0.009607235553,-0.001583622986,0.007244836627,-0.007463623899,0.0009212523631,-0.005972076262,-2.797851772e-06,-1.251288937e-06,-3.345703545e-06,-0.0005102748657,0.01113162766,-0.02596683727,0.003289884139
DAB_Block_3.DAB_Module_3_0.dconv3x1.bn_prelu.acti,encoder_3,0.02551140892,0.0162255993,0.02515005537,0.02637986563,0.0165110305,0.0260244261,0.005205178947,-0.000899364232,0.003808301074,-0.004938204672,0.0007882163265,-0.003641434533,-1.074113856e-08,-1.611170784e-08,-2.325456498e-08,-0.0003613535446,0.008924456069,-0.01686647003,0.002833164749
DAB_Block_3.DAB_Module_3_0.ddconv1x3.bn_prelu.acti,encoder_3,0.02720574791,0.02046381611,0.02801945902,0.03267879683,0.0246852739,0.03367752261,0.004429900054,0.0008702714286,0.004170978464,-0.006004524866,-0.0008755344253,-0.006217730183,-2.082841031e-05,-5.765037594e-06,-2.269962406e-05,0.0008137111171,0.007555642911,-0.02368654812,0.003156404327
DAB_Block_3.DAB_Module_3_0.ddconv3x1.bn_prelu.acti,encoder_3,0.02036564441,0.01547086224,0.02112035172,0.02129949807,0.01611816794,0.02209309522,0.003400454458,0.0005919786788,0.003566143985,-0.003978042052,-0.0006533507519,-0.004285197905,-3.503222342e-07,-1.467776584e-07,-4.201396348e-07,0.000754707304,0.005649489474,-0.01532457078,0.002379216868
DAB_Block_4.DAB_Module_4_0.bn_relu.acti,decoder_4,0.08844715032,0.05761188859,0.09264329702,0.09853978754,0.06205995376,0.1025615459,0.006181486198,-0.007850073147,-0.003349490467,-0.003243055559,0.004524623577,0.00314074812,-8.055853921e-09,-8.055853921e-09,-8.055853921e-09,0.004196146697,0.03503140843,-0.05803819535,0.01043630797
DAB_Block_4.DAB_Module_4_0.ca11.neuron,decoder_4,0,0,0,0,0,0,0,0,0,0,0,0,0,0,0,0,0,0,0
DAB_Block_4.DAB_Module_4_0.ca22.neuron,decoder_4,0,0,0,0,0,0,0,0,0,0,0,0,0,0,0,0,0,0,0
DAB_Block_4.DAB_Module_4_0.conv1x1.bn_prelu.acti,decoder_4,0,0,0,0,0,0,0,0,0,0,0,0,0,0,0,0,0,0,0
DAB_Block_4.DAB_Module_4_0.conv1x1_in.bn_prelu.acti,decoder_4,0,0,0,0,0,0,0,0,0,0,0,0,0,0,0,0,0,0,0
DAB_Block_4.DAB_Module_4_0.conv1x3.bn_prelu.acti,decoder_4,0,0,0,0,0,0,0,0,0,0,0,0,0,0,0,0,0,0,0
DAB_Block_4.DAB_Module_4_0.conv3x1.bn_prelu.acti,decoder_4,0,0,0,0,0,0,0,0,0,0,0,0,0,0,0,0,0,0,0
DAB_Block_4.DAB_Module_4_0.dconv1x3.bn_prelu.acti,decoder_4,0,0,0,0,0,0,0,0,0,0,0,0,0,0,0,0,0,0,0
DAB_Block_4.DAB_Module_4_0.dconv3x1.bn_prelu.acti,decoder_4,0,0,0,0,0,0,0,0,0,0,0,0,0,0,0,0,0,0,0
DAB_Block_4.DAB_Module_4_0.ddconv1x3.bn_prelu.acti,decoder_4,0,0,0,0,0,0,0,0,0,0,0,0,0,0,0,0,0,0,0
DAB_Block_4.DAB_Module_4_0.ddconv3x1.bn_prelu.acti,decoder_4,0,0,0,0,0,0,0,0,0,0,0,0,0,0,0,0,0,0,0
DAB_Block_5.DAB_Module_5_0.bn_relu.acti,decoder_5,0.2390520054,0.1919814613,0.2588236539,0.3062442958,0.224859703,0.3334773263,0.0283872099,0.01918807082,0.05067773268,-0.0290136071,-0.01997889746,-0.04863675091,-5.10891783e-05,7.107371106e-06,-5.962469119e-05,0.0197716485,0.06684219255,-0.1976266724,0.02915659793
DAB_Block_5.DAB_Module_5_0.ca11.neuron,decoder_5,0,0,0,0,0,0,0,0,0,0,0,0,0,0,0,0,0,0,0
DAB_Block_5.DAB_Module_5_0.ca22.neuron,decoder_5,0.1065824799,0.09601540959,0.1106267319,0.1598351132,0.1275993976,0.1698042387,-0.001158280183,0.01930631823,0.01019316136,-0.000128522986,-0.01098464911,-0.004888678652,3.207902793e-05,0.0001595888561,2.21141246e-05,0.004044252041,0.01461132234,-0.117630272,0.01246214979
DAB_Block_5.DAB_Module_5_0.conv1x1.bn_prelu.acti,decoder_5,0.1070545821,0.0984014042,0.1259349512,0.1233256692,0.1081265284,0.144153069,0.001195103008,0.02300140626,0.02605999675,-0.003477268421,-0.01944698706,-0.02675113385,-5.977712137e-07,2.909935553e-06,-5.991138561e-07,0.01888036915,0.02753354703,-0.08729912865,0.01418662739
DAB_Block_5.DAB_Module_5_0.conv1x1_in.bn_prelu.acti,decoder_5,0.2294195417,0.1847662076,0.2386804478,0.2543383443,0.1998819069,0.2668817455,0.03671587229,0.01510297782,0.04851015064,-0.03418497038,-0.01149117739,-0.0424993518,-1.479591837e-07,2.561761547e-08,-1.309344791e-07,0.009260906122,0.05391424025,-0.1873385056,0.02688745695
DAB_Block_5.DAB_Module_5_0.conv1x3.bn_prelu.acti,decoder_5,0.1125075126,0.09747686431,0.1178186246,0.1295238734,0.1100728899,0.1371267629,0.0167358707,0.01318528673,0.02474286654,-0.01592671157,-0.009728672449,-0.02147052492,-8.756444683e-07,1.848281418e-07,-8.218313641e-07,0.005311112003,0.02034176028,-0.1024700004,0.01327231964
DAB_Block_5.DAB_Module_5_0.conv3x1.bn_prelu.acti,decoder_5,0.2145544569,0.1816538585,0.2228399666,0.238603586,0.1982947503,0.250000768,0.0222835678,0.01616672121,0.03381626549,-0.02138583303,-0.01239664675,-0.02957822675,-2.324919441e-07,3.734425349e-07,-5.870032223e-08,0.008285509694,0.04118610814,-0.1868975683,0.0251030198
DAB_Block_5.DAB_Module_5_0.dconv1x3.bn_prelu.acti,decoder_5,0,0,0,0,0,0,0,0,0,0,0,0,0,0,0,0,0,0,0
DAB_Block_5.DAB_Module_5_0.dconv3x1.bn_prelu.acti,decoder_5,0,0,0,0,0,0,0,0,0,0,0,0,0,0,0,0,0,0,0
DAB_Block_5.DAB_Module_5_0.ddconv1x3.bn_prelu.acti,decoder_5,0.1107100908,0.1029365099,0.1146597377,0.1933141242,0.1615134549,0.2045303306,-0.008274259667,0.02281972044,0.004363564205,-0.0001146682868,-0.0109764239,-0.004874823953,-0.0003272906821,0.0002801713212,-0.0002055280612,0.003949646831,0.01172322774,-0.1502972485,0.01291646965
DAB_Block_5.DAB_Module_5_0.ddconv3x1.bn_prelu.acti,decoder_5,0.07949863131,0.07249004525,0.08277163818,0.101619394,0.08755047932,0.1077145603,0.001936502739,0.01161448507,0.008506146966,-0.0007276493555,-0.007433293179,-0.004196260929,-5.389205156e-06,1.988367347e-05,-1.777040816e-06,0.003273006874,0.01028159294,-0.08145531308,0.009324261281
DAB_Block_6.DAB_Module_6_0.bn_relu.acti,decoder_6,0.4001109585,0.3477836467,0.4256192975,0.5369781282,0.4269495913,0.5831733156,-0.1205703867,0.01610411189,-0.08616610873,0.04388330504,-0.01885878644,0.02524105745,-0.0001675546422,-2.406400376e-05,-0.0001632489997,0.025508339,0.07783565087,-0.3807544039,0.04794620021
DAB_Block_6.DAB_Module_6_0.ca11.neuron,decoder_6,0.1264174942,0.09578186706,0.1311293667,0.1771521344,0.1267078792,0.1856049815,-0.04306421784,-0.0298004612,-0.06065138563,0.01234444478,0.01367808459,0.01885242926,-6.097859828e-05,-3.373208915e-05,-8.008238453e-05,0.004711872483,0.03534749964,-0.1182550322,0.01477178057
DAB_Block_6.DAB_Module_6_0.ca22.neuron,decoder_6,0.1038510172,0.09675139801,0.103467284,0.1667792566,0.1354474982,0.1696440596,-0.09898534007,-0.006197078283,-0.107794575,0.03137771507,0.000163875,0.03538670921,-0.0001279224557,4.500588077e-05,-0.0001336311023,-0.0003837331834,0.00671588599,-0.1325826952,0.01165563484
DAB_Block_6.DAB_Module_6_0.conv1x1.bn_prelu.acti,decoder_6,0.2712704657,0.2455531303,0.2886624498,0.3246599828,0.2781604136,0.3474530423,-0.1243152971,-0.002496234637,-0.1166767614,0.06963010975,-0.004704864454,0.06066120042,-3.386548067e-05,-1.223146482e-05,-3.393218649e-05,0.01739198411,0.04310931951,-0.255367354,0.03251795135
DAB_Block_6.DAB_Module_6_0.conv1x1_in.bn_prelu.acti,decoder_6,0.3080001008,0.2565080679,0.3225349476,0.3319603197,0.2696252544,0.3511293376,-0.007957485311,0.01970474729,-0.004515052793,-0.003553956485,-0.01379350266,-0.0039737212,-1.329417293e-07,-5.526987111e-08,-1.380840494e-07,0.01453484685,0.06602687972,-0.2504562365,0.03633370307
DAB_Block_6.DAB_Module_6_0.conv1x3.bn_prelu.acti,decoder_6,0.2916267674,0.2467459867,0.2964172453,0.3245737262,0.2661098322,0.3314470335,-0.01581440256,0.007448019556,-0.03575383289,0.005082158103,-0.005022779444,0.01555261617,0,0,0,0.004790477853,0.04967125856,-0.2592365249,0.03339153246
DAB_Block_6.DAB_Module_6_0.conv3x1.bn_prelu.acti,decoder_6,0.3036052651,0.2554058204,0.3127391912,0.3300741952,0.270266646,0.3426965372,-0.02232823156,0.004048029021,-0.03004332692,0.006083243085,-0.001859884472,0.01321718193,-5.104256176e-07,-3.873657358e-07,-5.104256176e-07,0.009133926061,0.05733337078,-0.2576443041,0.03523020681
DAB_Block_6.DAB_Module_6_0.dconv1x3.bn_prelu.acti,decoder_6,0.2535015233,0.2096643782,0.2575759482,0.5072882139,0.4269885091,0.5268638826,-0.05319866566,0.03122788632,-0.05872295525,-0.009042759224,-0.006650768408,-0.01278330238,-0.003414037668,7.002867213e-05,-0.003405631814,0.004074424926,0.04791156998,-0.4074128404,0.02901604334
DAB_Block_6.DAB_Module_6_0.dconv3x1.bn_prelu.acti,decoder_6,0.1607749888,0.1261895742,0.1630523473,0.2196585274,0.1824132574,0.2270345163,-0.01345721341,0.009987030397,-0.02271597258,-0.01442035298,-0.00421447543,-0.00941076401,-8.143125671e-09,2.29189044e-08,3.539876477e-08,0.002277358506,0.03686277313,-0.1750372685,0.01836791831
DAB_Block_6.DAB_Module_6_0.ddconv1x3.bn_prelu.acti,decoder_6,0.1069605887,0.1017384039,0.1065045796,0.189695758,0.1560069701,0.1933438957,-0.1055834014,-0.0067148164,-0.1165773587,0.032028509,-2.266098953e-05,0.03604596582,-0.0005872453947,-8.430298067e-05,-0.0006654971469,-0.0004560090226,0.004766175752,-0.1523588324,0.01199778753
DAB_Block_6.DAB_Module_6_0.ddconv3x1.bn_prelu.acti,decoder_6,0.08628153488,0.08191266808,0.08626187697,0.109767184,0.09711055673,0.1114281453,-0.05428157219,-0.004106694186,-0.06008585735,0.02775077822,0.0008237471603,0.03155041052,-3.05329283e-05,-6.293239796e-06,-3.075784774e-05,-1.965790145e-05,0.004349208895,-0.09544959539,0.009717438209
LC1.bn_prelu.acti,decoder_6,0.2654127804,0.2080276444,0.28515351,0.2831344086,0.2145479474,0.3069069136,-0.01420888906,-0.0008586354189,-0.006500757677,0.01585460073,0.003304554689,0.01057986866,-1.443340494e-08,5.20273899e-08,-5.931122449e-09,0.01974072957,0.0771258656,-0.1907754424,0.03212266774
LC2.bn_prelu.acti,decoder_5,0.2226554598,0.1743102156,0.2369115533,0.2295534994,0.1778305352,0.2455176214,0.0003380256042,0.01256144288,0.00690888652,0.0009755331096,-0.01031734809,-0.004437706727,-4.470998926e-09,8.861439313e-10,-4.470998926e-09,0.01425609347,0.06260133765,-0.1618664132,0.0266881902
LC3.bn_prelu.acti,decoder_4,0.2229511397,0.1620926345,0.2322662589,0.2342443534,0.1667022361,0.2455113823,0.03699206026,0.008171581203,0.03816714876,-0.03655870918,-0.007539774463,-0.03723823652,-1.071428571e-08,-1.071428571e-08,-1.071428571e-08,0.009315119146,0.07017362438,-0.1554352072,0.02616489576
downsample_1.conv3x3.bn_prelu.acti,encoder_1,0.06907177562,0.04536808295,0.07417225839,0.06992499777,0.0461732954,0.07535270183,0.02098250354,0.002200752494,0.02170645458,-0.02076339176,-0.0021135188,-0.02151672192,0,0,6.7132116e-10,0.005100482777,0.02880417545,-0.04074559135,0.008355537383
downsample_2.conv3x3.bn_prelu.acti,encoder_2,0.09339201495,0.06866931967,0.09734914871,0.09708360426,0.07014608829,0.1017454528,0.006854350591,0.001812417605,0.006116758173,-0.00623156005,-0.001774275943,-0.005531535701,0,0,0,0.003957133764,0.02867982904,-0.06548423977,0.01096642422
downsample_3.conv3x3.bn_prelu.acti,encoder_3,0.1653458821,0.116577226,0.1696358045,0.1721042477,0.1194696298,0.1772300157,0.01227045491,-0.002245999114,0.007124304968,-0.01506324119,0.00181217355,-0.0107119743,-1.178571429e-07,-1.178571429e-07,-1.178571429e-07,0.004289922422,0.05305857852,-0.1143438617,0.01910954765
init_conv.0.bn_prelu.acti,stem,0.09287996027,0.06514583752,0.118250337,0.09319563147,0.06538827426,0.1198560135,0.04378141885,0.00944618867,0.05041585978,-0.03275209716,-0.003083063127,-0.03490240959,4.806140491e-06,3.571797798e-07,5.975621392e-06,0.02537037671,0.05310449947,-0.0387278922,0.01332095223
init_conv.1.bn_prelu.acti,stem,0.09024037642,0.07269132513,0.1069156807,0.09107359366,0.07287751209,0.108188322,0.003154431003,-0.003570603384,0.001254949778,0.001190096863,0.004100521733,0.003711712698,7.438658029e-09,2.54892253e-10,8.326899839e-09,0.01667530431,0.0342243556,-0.05576278372,0.01204409824
init_conv.2.bn_prelu.acti,stem,0.1283200314,0.084193509,0.1435266226,0.1307811378,0.085997448,0.1469557529,0.0391074679,0.006251108793,0.04338491157,-0.03691624542,-0.005895331701,-0.04127092028,5.56399369e-09,-1.027121375e-09,5.629867078e-09,0.01520659117,0.05933311356,-0.06982283293,0.01616833687
upsample_1.relu,decoder_4,0.2267573045,0.1670997294,0.2359364569,0.2598728756,0.1802204497,0.2722564652,0.03381266513,0.001488567991,0.03615406852,-0.02840548028,-0.004020422355,-0.03105862021,-5.857948443e-08,-9.339822771e-07,-1.327121375e-06,0.009179152444,0.06883672758,-0.1678368601,0.02657834517
upsample_2.relu,decoder_5,0.2706648759,0.2144464146,0.291682033,0.3156160351,0.2358727181,0.3491313142,-0.01601792358,0.02090394121,0.01034824637,0.01520604184,-0.008419776974,0.005202581834,-5.372476839e-05,-1.346839084e-05,-6.260614595e-05,0.02101715713,0.07723561842,-0.202357439,0.03285810872
upsample_3.relu,decoder_6,0.3224165152,0.2547505018,0.342946882,0.3870615301,0.285213961,0.4176673477,-0.05967396904,-0.02079964,-0.05202495184,0.01046876416,0.0084239661,0.007433986689,-6.083605498e-06,-1.954721066e-06,-7.160525477e-06,0.02053036687,0.08819638024,-0.2546081434,0.03863311641
