layer,stage,disagreement_qad_mean,disagreement_ste_mean,disagreement_qad_minus_ste,disagreement_qad_minus_ste_cluster_bootstrap_95ci,disagreement_relative_reduction_fraction,disagreement_relative_reduction_cluster_bootstrap_95ci,disagreement_paired_effect_dz,disagreement_qad_lower_source_count,disagreement_qad_higher_source_count,disagreement_equal_source_count,disagreement_source_count,disagreement_two_sided_exact_sign_p,mae_qad_mean,mae_ste_mean,mae_qad_minus_ste,mae_qad_minus_ste_cluster_bootstrap_95ci,mae_relative_reduction_fraction,mae_relative_reduction_cluster_bootstrap_95ci,mae_paired_effect_dz,mae_qad_lower_source_count,mae_qad_higher_source_count,mae_equal_source_count,mae_source_count,mae_two_sided_exact_sign_p,signed_error_qad_mean,signed_error_ste_mean,signed_error_qad_minus_ste,signed_error_qad_minus_ste_cluster_bootstrap_95ci,signed_error_relative_reduction_fraction,signed_error_relative_reduction_cluster_bootstrap_95ci,signed_error_paired_effect_dz,signed_error_qad_lower_source_count,signed_error_qad_higher_source_count,signed_error_equal_source_count,signed_error_source_count,signed_error_two_sided_exact_sign_p,zero_delta_qad_mean,zero_delta_ste_mean,zero_delta_qad_minus_ste,zero_delta_qad_minus_ste_cluster_bootstrap_95ci,zero_delta_relative_reduction_fraction,zero_delta_relative_reduction_cluster_bootstrap_95ci,zero_delta_paired_effect_dz,zero_delta_qad_lower_source_count,zero_delta_qad_higher_source_count,zero_delta_equal_source_count,zero_delta_source_count,zero_delta_two_sided_exact_sign_p
DAB_Block_1.DAB_Module_1_0.bn_relu.acti,encoder_1,0.20145914239728785,0.20194922081683006,-0.0004900784195421575,"[-0.0021701801346418466, 0.0012528381279580147]",0.0024267408290063047,"[-0.006229301481441274, 0.010590818639697542]",-0.09399734178558107,19,16,0,35,0.7358788008568808,0.21222458823509666,0.21587260551742077,-0.003648017282324114,"[-0.0055821205055677685, -0.0016924131005387384]",0.016898935710625493,"[0.007923350917114064, 0.025353442633223908]",-0.6189324894678906,25,10,0,35,0.01667384780012071,-0.020872457070690114,-0.016169573114426693,-0.004702883956263425,"[-0.008310716085463382, -0.0010095678593456303]",-0.2908477498436523,"[-0.5640769546689081, -0.056884587240529715]",-0.41919202932609695,22,13,0,35,0.17546524899080396,0.01956954711919307,0.020987086537493285,-0.0014175394183002154,"[-0.0045174706324264905, 0.001633955407240198]",0.06754341131475246,"[-0.08075369238026396, 0.2059547035439689]",-0.14973747592012426,20,15,0,35,0.49955983320251107
DAB_Block_1.DAB_Module_1_0.ca11.neuron,encoder_1,0.10368094162359023,0.05572182600026853,0.0479591156233217,"[0.046267641462934675, 0.04957274070325087]",-0.8606881551780191,"[-0.9431907525977787, -0.7882535610000189]",9.3537706130098,0,35,0,35,5.820766091346741e-11,0.16317888502282493,0.0721515030645811,0.09102738195824384,"[0.08750387426662357, 0.09461775866541355]",-1.261614493003249,"[-1.3623284262312103, -1.171386021818369]",8.25681426008558,0,35,0,35,5.820766091346741e-11,0.12843098337137485,-0.0013010735331632653,0.12973205690453815,"[0.12242444790392555, 0.13684494435376945]",99.71154865407495,"[-1057.8856325290105, 1072.9115921480482]",5.940459021472571,0,35,0,35,5.820766091346741e-11,-0.05694060915682062,0.006926898904068207,-0.06386750806088883,"[-0.06689145893276718, -0.0608083730515323]",9.22021657099385,"[7.377185906402088, 12.03875413085698]",-6.793721268385379,35,0,0,35,5.820766091346741e-11
DAB_Block_1.DAB_Module_1_0.ca22.neuron,encoder_1,0.1001779133760741,0.06823304967273094,0.03194486370334318,"[0.02939970839105297, 0.0342687262530629]",-0.46817288479060587,"[-0.50459513251682, -0.42977922811246183]",4.209463119675971,0,35,0,35,5.820766091346741e-11,0.1293171588026987,0.07994657215359828,0.049370586649100434,"[0.04494692675978451, 0.05360147914087674]",-0.6175447591955113,"[-0.6686717655886623, -0.5642581110318251]",3.684887334203581,0,35,0,35,5.820766091346741e-11,0.06897098280243018,-0.013166639923469387,0.08213762272589957,"[0.07779021343863286, 0.08675668773638896]",6.2383131310130375,"[4.979007314846464, 8.147662463578552]",6.073524124052909,0,35,0,35,5.820766091346741e-11,-0.031313067404001076,0.01510892772556391,-0.046421995129564984,"[-0.049324868856865926, -0.04347498067723718]",3.072487735249417,"[2.7079030019915766, 3.513651653220881]",-5.116486078278408,35,0,0,35,5.820766091346741e-11
DAB_Block_1.DAB_Module_1_0.conv1x1.bn_prelu.acti,encoder_1,0.16342129657710125,0.1315221502710459,0.031899146306055316,"[0.029434746635128555, 0.03448072083667595]",-0.24253820546817664,"[-0.26488580997988553, -0.2200087487345537]",4.165190898669692,0,35,0,35,5.820766091346741e-11,0.17317613627232142,0.13359882286687705,0.039577313405444424,"[0.03668130965326262, 0.04298620882218801]",-0.29623998592323464,"[-0.3245486648889013, -0.2701801423822658]",4.136172806926385,0,35,0,35,5.820766091346741e-11,0.04042686233972207,-0.016404861961264765,0.056831724300986854,"[0.052527860025174546, 0.061597065555161624]",3.464322006194149,"[3.1826197047725966, 3.8247379265023356]",4.0636722145444315,0,35,0,35,5.820766091346741e-11,-0.027139340336331898,0.016056411958747314,-0.04319575229507922,"[-0.047268105821781016, -0.03932169544496005]",2.69024937863199,"[2.503943662409148, 2.919843998721109]",-3.5726635597449206,35,0,0,35,5.820766091346741e-11
DAB_Block_1.DAB_Module_1_0.conv1x1_in.bn_prelu.acti,encoder_1,0.15885562845898227,0.12490507431021752,0.03395055414876477,"[0.03271264199965595, 0.03520449000826564]",-0.27181084784789655,"[-0.2844288139207498, -0.2593484395909277]",8.954601952725,0,35,0,35,5.820766091346741e-11,0.1625221416991139,0.1258979238386144,0.036624217860499464,"[0.035426043705399105, 0.037811890290849894]",-0.2909040653239621,"[-0.30236971467196466, -0.2789083643475118]",9.92557110912526,0,35,0,35,5.820766091346741e-11,0.023188445142991405,-0.022306349553571428,0.045494794696562826,"[0.04317292230032391, 0.04767866010938339]",2.0395445963626417,"[1.9268090964784872, 2.174625744106567]",6.599356760519356,0,35,0,35,5.820766091346741e-11,-0.014142327316057999,0.024071675500134265,-0.03821400281619226,"[-0.040763886082169715, -0.03555575896427732]",1.5875090546139639,"[1.4954253743856516, 1.6892471129305477]",-4.791523724515643,35,0,0,35,5.820766091346741e-11
DAB_Block_1.DAB_Module_1_0.conv1x3.bn_prelu.acti,encoder_1,0.2630432497868555,0.18375705084250804,0.07928619894434748,"[0.077210396901685, 0.08124279316804847]",-0.431472961613326,"[-0.4486668526531029, -0.4151467095970151]",12.813835533269982,0,35,0,35,5.820766091346741e-11,0.2833202005655881,0.18594108248858754,0.09737911807700053,"[0.09484742864905008, 0.09990126999609794]",-0.5237095362342928,"[-0.5410617953936013, -0.5076206114640294]",12.475058297722104,0,35,0,35,5.820766091346741e-11,0.12062463342675887,-0.02327840704215897,0.14390304046891783,"[0.1398404637174409, 0.14810971048393864]",6.18182507971007,"[5.5763346204946105, 6.919989790261747]",11.35928899875178,0,35,0,35,5.820766091346741e-11,-0.0719917574785177,0.021412359054444146,-0.09340411653296189,"[-0.09626559665984157, -0.09018235518738253]",4.36215908277401,"[3.9492751757718705, 4.849204917291602]",-10.021953160540216,35,0,0,35,5.820766091346741e-11
DAB_Block_1.DAB_Module_1_0.conv3x1.bn_prelu.acti,encoder_1,0.1597890431508459,0.1266002230867347,0.033188820064111176,"[0.03224313071168434, 0.03420863539620537]",-0.2621545148571605,"[-0.27491288537458275, -0.24976450483333404]",11.165635204829508,0,35,0,35,5.820766091346741e-11,0.1623580128239125,0.12730746651617883,0.035050546307733625,"[0.03424774158087742, 0.035914617559537794]",-0.27532200009085306,"[-0.28680743969903233, -0.2643651858538664]",13.567791491148382,0,35,0,35,5.820766091346741e-11,0.019499307926624593,-0.028394457597677232,0.04789376552430182,"[0.045759048708126346, 0.049923370757543974]",1.6867293682066922,"[1.609624740151064, 1.7734803731648192]",7.44459175171813,0,35,0,35,5.820766091346741e-11,-0.014799559314581094,0.028628324028262618,-0.04342788334284372,"[-0.04523293034409404, -0.041514854681248325]",1.5169551420464078,"[1.438853867743556, 1.6036220964696448]",-7.611732431766531,35,0,0,35,5.820766091346741e-11
DAB_Block_1.DAB_Module_1_0.dconv1x3.bn_prelu.acti,encoder_1,0.14600613818810418,0.0932333789926826,0.052772759195421584,"[0.051607680058572775, 0.053901948675357476]",-0.5660286022623233,"[-0.5814410510043156, -0.550697558474942]",14.838953601536492,0,35,0,35,5.820766091346741e-11,0.2723246867229457,0.14288569657626204,0.1294389901466837,"[0.12513334551939279, 0.1334480799118891]",-0.9058918649537357,"[-0.9525873060594731, -0.8573655699644106]",10.222341627272224,0,35,0,35,5.820766091346741e-11,0.22285079419810688,0.025618562919575726,0.19723223127853115,"[0.1936000205377702, 0.20105100629208347]",-7.698801525194901,"[-8.90651803784754, -6.776142344808741]",17.326572819450394,0,35,0,35,5.820766091346741e-11,-0.053027772739326,0.005271493625805586,-0.05829926636513158,"[-0.059709478067098545, -0.05679689987228115]",11.059344941581397,"[8.904067491713276, 14.574636674774936]",-12.989810565090739,35,0,0,35,5.820766091346741e-11
DAB_Block_1.DAB_Module_1_0.dconv3x1.bn_prelu.acti,encoder_1,0.07680266273999731,0.054363327102913535,0.022439335637083783,"[0.02085573213404605, 0.024081350535084922]",-0.41276604712961296,"[-0.45548980417118384, -0.3741759703975406]",4.5506449967458,0,35,0,35,5.820766091346741e-11,0.08468568262285178,0.057435170789138026,0.02725051183371375,"[0.02550273367984694, 0.029047517583705357]",-0.47445687823857385,"[-0.5216680044153255, -0.4309005128999327]",5.028227534991096,0,35,0,35,5.820766091346741e-11,0.05081863741272825,0.0037703413047126743,0.04704829610801557,"[0.045447131833294165, 0.048664094948811756]",-12.478524437352224,"[-18.842634498188243, -9.299292058129607]",9.414423593069634,0,35,0,35,5.820766091346741e-11,-0.03085304534606605,1.8966937432867664e-06,-0.030854942039809347,"[-0.03218720262394266, -0.02951077427560251]",16267.751264018532,"[-880.3727745115807, 891.3085122975768]",-7.579628438111435,35,0,0,35,5.820766091346741e-11
DAB_Block_1.DAB_Module_1_0.ddconv1x3.bn_prelu.acti,encoder_1,0.1435905745317535,0.08669272576698443,0.05689784876476907,"[0.05510530044143562, 0.05867205647430519]",-0.6563162971447106,"[-0.6877976772158373, -0.6257672987277274]",10.277898783605966,0,35,0,35,5.820766091346741e-11,0.20020230129900643,0.12486394130303438,0.07533835999597208,"[0.07150782602279976, 0.078985867750193]",-0.6033636229144179,"[-0.6384525879394054, -0.5662469073340698]",6.662350592721426,0,35,0,35,5.820766091346741e-11,0.10309915205088616,-0.007851742182465092,0.11095089423335124,"[0.10620624068982444, 0.11591733582257821]",14.130735785127078,"[11.654522292275223, 18.327745697773224]",7.427589223461646,0,35,0,35,5.820766091346741e-11,-0.04428414339252148,0.013191405108754025,-0.05747554850127551,"[-0.05919095579744562, -0.05573686661712877]",4.3570452144733105,"[4.11805297346516, 4.614160454523609]",-10.873226986192574,35,0,0,35,5.820766091346741e-11
DAB_Block_1.DAB_Module_1_0.ddconv3x1.bn_prelu.acti,encoder_1,0.06771897010439044,0.051151535383660046,0.016567434720730398,"[0.015424198304284705, 0.017665873376409773]",-0.3238892947487698,"[-0.3495260993911836, -0.2974596036012507]",4.826205508187962,0,35,0,35,5.820766091346741e-11,0.07737111351872986,0.055902318968179376,0.021468794550550487,"[0.01996986462548671, 0.022918808208034037]",-0.38404121594259644,"[-0.4130575291966365, -0.35326916291486815]",4.679793127806831,0,35,0,35,5.820766091346741e-11,0.034030822641984426,-0.002014053118286788,0.03604487576027122,"[0.03382899941540514, 0.038439860696160046]",17.896685759178006,"[11.929950582744501, 35.95610548541579]",5.195640951259622,0,35,0,35,5.820766091346741e-11,-0.023174173182397957,0.0022606372616809883,-0.025434810444078946,"[-0.027142938858460326, -0.02376430111044911]",11.251168365315657,"[8.694520069603726, 15.648997550003998]",-4.926467242196141,35,0,0,35,5.820766091346741e-11
DAB_Block_2.DAB_Module_2_0.bn_relu.acti,encoder_2,0.10148576140238992,0.10706372332169711,-0.005577961919307194,"[-0.00633561857226772, -0.004868707494881175]",0.052099457652401523,"[0.04481012005953674, 0.059765800775921155]",-2.480272402398526,35,0,0,35,5.820766091346741e-11,0.10882846027457034,0.11671114009129968,-0.007882679816729321,"[-0.00864777255337003, -0.007171573595763961]",0.06754008066893145,"[0.060476352310827805, 0.0751309180574517]",-3.493462815053834,35,0,0,35,5.820766091346741e-11,-0.020443016558136413,-0.012208326329215896,-0.008234690228920516,"[-0.010091624659975831, -0.00626614707824248]",-0.6745142623861535,"[-0.9514833806461445, -0.45750244108633653]",-1.4038653563608035,30,5,0,35,2.2361520677804947e-05,0.017404328725832436,0.013032135338345865,0.004372193387486573,"[0.002560082300617615, 0.006034495225899567]",-0.3354932460394109,"[-0.5078492548188446, -0.18017438611813708]",0.8112861132068501,8,27,0,35,0.001878225477412343
DAB_Block_2.DAB_Module_2_0.ca11.neuron,encoder_2,0.009348553564715359,0.009695881820622986,-0.00034732825590762614,"[-0.0006535031379229322, -3.864168501611157e-05]",0.035822245189588216,"[0.0038810288685545997, 0.0702441851139767]",-0.3711144159797456,23,12,0,35,0.0895310789346695,0.009952540621643394,0.009768913527121377,0.0001836270945220194,"[-0.00020690251275510164, 0.000577433515037594]",-0.018797084651452238,"[-0.05683226292923698, 0.022203320188581285]",0.1517803728562533,17,18,0,35,1.0,0.004366196596401718,0.004485448301557465,-0.00011925170515574642,"[-0.0005790268602309343, 0.0003463036603786251]",0.026586351494529488,"[-0.07739649235160104, 0.13009525603633598]",-0.08417400099801296,21,14,0,35,0.31050465907901525,-0.003304920569280344,-0.0041983120703544576,0.0008933915010741138,"[0.0005606885962674543, 0.0012107746022422124]",0.21279778303824035,"[0.1341499179331791, 0.2893706424715937]",0.8959276993113812,7,28,0,35,0.0005082604475319386
DAB_Block_2.DAB_Module_2_0.ca22.neuron,encoder_2,0.01235207000537057,0.005223661472878625,0.007128408532491944,"[0.006734894846435285, 0.007506213160244361]",-1.3646383038990584,"[-1.423237179300349, -1.3147009441117312]",6.007489721971962,0,35,0,35,5.820766091346741e-11,0.013195043340494095,0.005262371012352309,0.007932672328141783,"[0.007478604797932331, 0.008389378077671858]",-1.5074331151341298,"[-1.5676358796839727, -1.4533663898179219]",5.722132664903115,0,35,0,35,5.820766091346741e-11,0.007270843837271752,-0.0032677123791621915,0.010538556216433943,"[0.009931750581867614, 0.011131294845931795]",3.2250562453528797,"[3.0668408639658677, 3.3855910632367983]",5.790708335544753,0,35,0,35,5.820766091346741e-11,-0.005900187546992482,0.003345215426960258,-0.009245402973952738,"[-0.009753257970763965, -0.00873052693306928]",2.7637690832825927,"[2.6385838763199208, 2.892033660851382]",-5.904350315566098,35,0,0,35,5.820766091346741e-11
DAB_Block_2.DAB_Module_2_0.conv1x1.bn_prelu.acti,encoder_2,0.045905663533834594,0.03858357099221268,0.007322092541621912,"[0.006102824892588614, 0.008578343746055988]",-0.18977228787609457,"[-0.2130960802002076, -0.1657014053255054]",1.9220174172269686,0,35,0,35,5.820766091346741e-11,0.048952513248523094,0.03985375967038131,0.009098753578141782,"[0.007511228905914339, 0.010764702426322504]",-0.22830351900033755,"[-0.25875999966535934, -0.1972762909762212]",1.815223340533289,0,35,0,35,5.820766091346741e-11,0.015252051970327606,0.0038293057028732543,0.01142274626745435,"[0.009339594174274974, 0.013595724330105396]",-2.982981029402664,"[-3.9105140571364805, -2.262598901989152]",1.7495636836423256,0,35,0,35,5.820766091346741e-11,-0.011495856602443611,-0.002660007562432868,-0.008835849040010743,"[-0.010439497400140977, -0.007307218169391112]",-3.3217383156344833,"[-4.601464741070416, -2.4412653884443545]",-1.856872618531882,35,0,0,35,5.820766091346741e-11
DAB_Block_2.DAB_Module_2_0.conv1x1_in.bn_prelu.acti,encoder_2,0.10555031455424276,0.08201560493421053,0.023534709620032224,"[0.021980030711264767, 0.02498010931105666]",-0.2869540453784469,"[-0.3023137668861937, -0.27060668075486305]",5.13080996586999,0,35,0,35,5.820766091346741e-11,0.10809396177497314,0.08253529812701396,0.025558663647959185,"[0.024018518855733084, 0.02697573457102578]",-0.30966948963614127,"[-0.32601035677195184, -0.2930583531211675]",5.632520864596466,0,35,0,35,5.820766091346741e-11,0.03627886178839958,0.006852244448174007,0.029426617340225558,"[0.027038423409136682, 0.03168187871441998]",-4.294449441024716,"[-7.6263850173453065, -2.8163339302493866]",4.11118279191331,0,35,0,35,5.820766091346741e-11,-0.028829710076530617,-0.004907506270139635,-0.023922203806390978,"[-0.02664724802816193, -0.02118781215175215]",-4.874615026362526,"[-11.793842753595797, -2.8597583649496077]",-2.828703825904661,35,0,0,35,5.820766091346741e-11
DAB_Block_2.DAB_Module_2_0.conv1x3.bn_prelu.acti,encoder_2,0.08815963169307195,0.06388483587540279,0.02427479581766917,"[0.02363272467038131, 0.024916300477309344]",-0.3799774310293805,"[-0.4063147230733373, -0.3565903529451199]",12.093914092760652,0,35,0,35,5.820766091346741e-11,0.09184651906552095,0.06514899127282492,0.026697527792696026,"[0.02591997495753894, 0.02745215932817535]",-0.4097918827460366,"[-0.43224267437377883, -0.38918035202092854]",11.28054346933575,0,35,0,35,5.820766091346741e-11,0.02257394656283566,-0.011261340440386682,0.03383528700322234,"[0.03267860148848685, 0.034974867530377284]",3.0045523605590008,"[2.788119269078038, 3.257616562919923]",9.63675703762165,0,35,0,35,5.820766091346741e-11,-0.017855549550214823,0.01150129148093448,-0.029356841031149303,"[-0.030082291514668364, -0.028601704816729325]",2.5524821347075415,"[2.367398533832394, 2.76701741346481]",-12.886140482803086,35,0,0,35,5.820766091346741e-11
DAB_Block_2.DAB_Module_2_0.conv3x1.bn_prelu.acti,encoder_2,0.09361046578947368,0.07451362449650913,0.01909684129296456,"[0.017560567589117886, 0.02069464936761547]",-0.2562865707043847,"[-0.2687840918879709, -0.24368924551416488]",4.028098258243025,0,35,0,35,5.820766091346741e-11,0.09729943227040816,0.07600211995166488,0.021297312318743294,"[0.019471673350396082, 0.023145509656787057]",-0.28021997718337,"[-0.29442015262146487, -0.2655860341377145]",3.8268606344153806,0,35,0,35,5.820766091346741e-11,0.03010474800617615,-3.537732277121374e-05,0.03014012532894737,"[0.02747086144015172, 0.03275719549694548]",851.9617361625836,"[-469.7270378197067, 487.0473876751862]",3.7252102399581397,0,35,0,35,5.820766091346741e-11,-0.022811730068474756,0.0010343755571965627,-0.023846105625671323,"[-0.026231260666118424, -0.021448828970864663]",23.05362444014117,"[-171.58528691944457, 197.6385460632617]",-3.24449945351627,35,0,0,35,5.820766091346741e-11
DAB_Block_2.DAB_Module_2_0.dconv1x3.bn_prelu.acti,encoder_2,0.009709175845864662,0.01006171738050483,-0.00035254153464017176,"[-0.0006785820931793768, -4.1000928437164545e-05]",0.03503790866986967,"[0.003918224371593077, 0.07065678391981131]",-0.3630805448245931,23,12,0,35,0.0895310789346695,0.012338388829215898,0.011022540373254565,0.001315848455961332,"[0.0006672340930451125, 0.001989996694246777]",-0.11937796654881376,"[-0.17313468137726346, -0.06316675635742693]",0.659751273286067,10,25,0,35,0.01667384780012071,0.0065731446025778725,0.005524337647690655,0.0010488069548872181,"[0.0003295058369696562, 0.0017968367071697093]",-0.18985207309434665,"[-0.3245178211568164, -0.060327404633873156]",0.46955330781568183,14,21,0,35,0.31050465907901525,-0.003308616709183673,-0.004197839581095596,0.0008892228719119226,"[0.0005534132443273361, 0.001213019465796187]",0.21182869300590196,"[0.13230838105786782, 0.2901266975296549]",0.8911198085762181,8,27,0,35,0.001878225477412343
DAB_Block_2.DAB_Module_2_0.dconv3x1.bn_prelu.acti,encoder_2,0.007151784620032223,0.007783822986036518,-0.0006320383660042963,"[-0.0008106422895408163, -0.00045484712657760477]",0.0811989644597668,"[0.05571129660706225, 0.10920460782085008]",-1.1488504808837006,29,6,0,35,0.0001168418675661087,0.00774775112781955,0.007937062708109559,-0.00018931158029001084,"[-0.0004488037105598819, 6.13681627618151e-05]",0.023851591861128053,"[-0.007386817211374153, 0.05963836340553853]",-0.24230585851511788,22,13,0,35,0.17546524899080396,0.0021973016380236305,0.0028051893327067667,-0.0006078876946831364,"[-0.0008949219276987111, -0.00032015368672798074]",0.21670112872437627,"[0.11743540297332675, 0.3166031047183103]",-0.6806130805988525,27,8,0,35,0.001878225477412343,-0.0012434743219656283,-0.0024545916621911924,0.0012111173402255637,"[0.0010238655696160044, 0.0013901321681995167]",0.49340888705879915,"[0.4305598563730616, 0.5579726912798922]",2.1732346777822174,1,34,0,35,2.0954757928848267e-09
DAB_Block_2.DAB_Module_2_0.ddconv1x3.bn_prelu.acti,encoder_2,0.012748731390977442,0.011020144193071965,0.0017285871979054786,"[0.0014745038908096136, 0.001980886257720193]",-0.15685703994619127,"[-0.1900329122257459, -0.1261366174109516]",2.2255138920047175,0,35,0,35,5.820766091346741e-11,0.01643753233082707,0.012643235573308272,0.003794296757518797,"[0.003535503179880505, 0.0040620010185620295]",-0.3001048849812713,"[-0.33462833862784747, -0.2695914392779731]",4.727399927228703,0,35,0,35,5.820766091346741e-11,0.010201048630504835,0.006129650060418905,0.00407139857008593,"[0.003769573485835123, 0.004377366651953544]",-0.6642138670160378,"[-0.781258738746176, -0.5684064113424321]",4.406768594086077,0,35,0,35,5.820766091346741e-11,-0.005900187546992482,-0.004193408660042966,-0.0017067788869495164,"[-0.002049086496374866, -0.0013652784816393663]",-0.40701468073279284,"[-0.5479977769117197, -0.2916274266660787]",-1.626198893646981,33,2,0,35,3.6729034036397934e-08
DAB_Block_2.DAB_Module_2_0.ddconv3x1.bn_prelu.acti,encoder_2,0.009316089977175082,0.0077819682733619765,0.0015341217038131042,"[0.0013015262078745968, 0.0017815262389232007]",-0.19713800544066365,"[-0.241832933110685, -0.15721670244261693]",2.0964019916625594,0,35,0,35,5.820766091346741e-11,0.009937913278732545,0.008191343407626209,0.0017465698711063374,"[0.0015326697811493017, 0.0019827672816527925]",-0.2132214197588475,"[-0.2559934923360053, -0.17692705836841846]",2.463427394511231,0,35,0,35,5.820766091346741e-11,0.004154439352846402,0.0021126666890440384,0.002041772663802363,"[0.0017515530956296993, 0.0023665997680585387]",-0.9664433459336863,"[-1.2942545964189471, -0.7278711241670753]",2.185090526071177,0,35,0,35,5.820766091346741e-11,-0.003186317024704619,-0.0014346527524167565,-0.0017516642722878624,"[-0.0020888967781619227, -0.0014285164547529537]",-1.220967421793937,"[-1.7826345502669458, -0.838687412092806]",-1.7644709675032488,33,2,0,35,3.6729034036397934e-08
DAB_Block_3.DAB_Module_3_0.bn_relu.acti,encoder_3,0.1567688373254565,0.17726975692803437,-0.020500919602577876,"[-0.021875309111842104, -0.019140508984291083]",0.11564815091894426,"[0.10734643474321294, 0.1248984582648748]",-4.879032916184266,35,0,0,35,5.820766091346741e-11,0.16758075923737922,0.19332623423737916,-0.025745475,"[-0.02750859641648765, -0.02400824940252417]",0.133171139972591,"[0.12432320555263981, 0.14260449330937353]",-4.794943871166584,35,0,0,35,5.820766091346741e-11,-0.05229543372717508,-0.012189927470461867,-0.04010550625671321,"[-0.0428122265165145, -0.037380439905343725]",-3.290052902603008,"[-4.55188097671643, -2.537617430907707]",-4.890717092190353,35,0,0,35,5.820766091346741e-11,0.050296781793770146,0.022919222636949517,0.027377559156820625,"[0.02551155654806659, 0.029243406954215904]",-1.1945238977121129,"[-1.354476454758668, -1.0533779616837582]",4.757536263476921,0,35,0,35,5.820766091346741e-11
DAB_Block_3.DAB_Module_3_0.ca11.neuron,encoder_3,0.029649309505907624,0.02068278404940924,0.008966525456498389,"[0.007969058098818475, 0.010054714555585391]",-0.43352603958336516,"[-0.46347822134924627, -0.4060926781597137]",2.7916290955146676,0,35,0,35,5.820766091346741e-11,0.04158728560687432,0.022916051020408165,0.018671234586466162,"[0.015315080110096671, 0.022241834777121373]",-0.8147666703062524,"[-0.886467603747996, -0.738834977633453]",1.7643952762834707,0,35,0,35,5.820766091346741e-11,0.024869191944146076,-0.0001287818474758324,0.024997973791621914,"[0.020625334186358753, 0.02979141150241675]",194.1110046298498,"[-683.9962024739633, 753.2236579330655]",1.7788198765922516,0,35,0,35,5.820766091346741e-11,-0.009055776691729325,0.0031634372180451126,-0.012219213909774438,"[-0.01364662841031149, -0.010830346578947369]",3.8626383479566764,"[3.0745458926838514, 4.965410506597404]",-2.859891160820005,35,0,0,35,5.820766091346741e-11
DAB_Block_3.DAB_Module_3_0.ca22.neuron,encoder_3,0.02845099736842105,0.020103335177228787,0.008347662191192267,"[0.007358750241675618, 0.009320900369226637]",-0.41523767661436234,"[-0.44471806394483204, -0.3845272201201503]",2.7505871574694707,0,35,0,35,5.820766091346741e-11,0.03489871031149302,0.0214438306122449,0.01345487969924812,"[0.011643069390440386, 0.015283850196025777]",-0.627447583528527,"[-0.6740796154321927, -0.5769420077086665]",2.3802566458913903,0,35,0,35,5.820766091346741e-11,0.014236230612244898,-0.0006312719656283568,0.014867502577873256,"[0.012683169500537054, 0.017116483184747584]",23.55165980335339,"[12.276078853351413, 90.32123771581169]",2.1932352435491156,0,35,0,35,5.820766091346741e-11,-0.0069663778195488725,0.0013773263157894737,-0.008343704135338347,"[-0.009481011428571428, -0.007191352258324383]",6.057899308019679,"[4.678129511117665, 8.377925544594266]",-2.3631776720568682,35,0,0,35,5.820766091346741e-11
DAB_Block_3.DAB_Module_3_0.conv1x1.bn_prelu.acti,encoder_3,0.0800976365735768,0.0699244501074114,0.010173186466165413,"[0.008294692149570355, 0.012016169680451128]",-0.14548825840658455,"[-0.16254601438079255, -0.12703539356645574]",1.78240358812523,2,33,0,35,3.6729034036397934e-08,0.08796891154672395,0.07332578547261008,0.014643126074113857,"[0.011939463026315787, 0.017305944548200856]",-0.19969954607010149,"[-0.22043075246674224, -0.17648165030496182]",1.75296473591724,1,34,0,35,2.0954757928848267e-09,0.008634579538131041,-0.007287891433941997,0.015922470972073034,"[0.012688515529672395, 0.019036830913668094]",2.1847843256716333,"[1.7793758112748754, 2.673380248764316]",1.633508938455788,2,33,0,35,3.6729034036397934e-08,0.0003555942266380236,0.007358032679914071,-0.0070024384532760475,"[-0.00859916827000537, -0.005286660828410313]",0.9516726491839697,"[0.7744996918423007, 1.1349424862822226]",-1.3757149445442465,33,2,0,35,3.6729034036397934e-08
DAB_Block_3.DAB_Module_3_0.conv1x1_in.bn_prelu.acti,encoder_3,0.19044885477980666,0.15149097631578948,0.03895787846401718,"[0.03584254520139634, 0.04205321556256713]",-0.25716302984811323,"[-0.2708882852594844, -0.24414458897125466]",4.111826973015439,0,35,0,35,5.820766091346741e-11,0.19654936777658433,0.1541964095596133,0.042352958216971,"[0.03883022074785177, 0.045911218751342645]",-0.27466890012505185,"[-0.28869781155455093, -0.26155503179713335]",3.8396470758903734,0,35,0,35,5.820766091346741e-11,0.03602863909774436,-0.02016843415682062,0.05619707325456498,"[0.05045387106471537, 0.06181701910177229]",2.7863875210937032,"[2.484627664261272, 3.1833194974203165]",3.240692138333244,0,35,0,35,5.820766091346741e-11,-0.02685494129967777,0.021389858968850702,-0.04824480026852847,"[-0.0526094509962406, -0.043773951193609016]",2.255498754750355,"[2.0597065424827092, 2.51558212789763]",-3.5905855241586115,35,0,0,35,5.820766091346741e-11
DAB_Block_3.DAB_Module_3_0.conv1x3.bn_prelu.acti,encoder_3,0.12555397883995706,0.10434921788399572,0.021204760955961337,"[0.01795483919978518, 0.02442647740601504]",-0.20320958207405562,"[-0.22486765763750557, -0.1801487185221328]",2.1504274801974685,1,34,0,35,2.0954757928848267e-09,0.13578224951664875,0.10854898598281419,0.02723326353383458,"[0.023199763531149303, 0.031214651283566052]",-0.2508845503001401,"[-0.2751418763354198, -0.22522284888495167]",2.2276472752476013,1,34,0,35,2.0954757928848267e-09,0.02138161407089151,-0.011222716380236305,0.03260433045112783,"[0.026201902266380233, 0.03895299867615467]",2.9052084492258463,"[2.574954570281054, 3.5633850558205857]",1.6765908506613025,1,34,0,35,2.0954757928848267e-09,-0.009230759559613319,0.01252887738990333,-0.021759636949516648,"[-0.026550020433673466, -0.016896016198979597]",1.736758711283433,"[1.5840661120088582, 1.9659758081330658]",-1.4645783465331301,33,2,0,35,3.6729034036397934e-08
DAB_Block_3.DAB_Module_3_0.conv3x1.bn_prelu.acti,encoder_3,0.14894249097744364,0.1254102907089151,0.023532200268528466,"[0.021327071024436095, 0.025822962800751886]",-0.1876417009761041,"[-0.20351758801471317, -0.17216689621132364]",3.393357784451542,0,35,0,35,5.820766091346741e-11,0.15501629124597208,0.12889270891514504,0.026123582330827066,"[0.02341504720596133, 0.028848306415145002]",-0.20267695939283256,"[-0.21914908335628014, -0.18624704730031177]",3.1519137641860753,0,35,0,35,5.820766091346741e-11,0.01102117201933405,-0.024451737593984967,0.03547290961331901,"[0.03143277403464018, 0.039634324442803445]",1.4507316495186509,"[1.3048887983900461, 1.6165463832260205]",2.750312994740042,0,35,0,35,5.820766091346741e-11,-0.004310782814178303,0.023949844736842103,-0.02826062755102041,"[-0.03130980303168636, -0.025269501613856073]",1.17999209855198,"[1.0714851808621408, 1.3016760824132971]",-3.0218656128935804,35,0,0,35,5.820766091346741e-11
DAB_Block_3.DAB_Module_3_0.dconv1x3.bn_prelu.acti,encoder_3,0.030475405800214826,0.021985411654135336,0.008489994146079486,"[0.007641068602309344, 0.009367318474758324]",-0.3861648933229125,"[-0.41719572138862804, -0.3597047298522876]",3.2039380904863948,0,35,0,35,5.820766091346741e-11,0.05445279092373791,0.035445092534908705,0.019007698388829215,"[0.016204488772824918, 0.02201057864393126]",-0.5362575473631266,"[-0.5824776197591409, -0.48962300063680836]",2.1452960718066474,0,35,0,35,5.820766091346741e-11,0.03103569468313641,0.004995520676691729,0.026040174006444684,"[0.0220068771066058, 0.030400984065520942]",-5.212704679202673,"[-7.431799808182226, -4.128341680957044]",2.0314680881465965,0,35,0,35,5.820766091346741e-11,-0.009055776691729325,0.0031634372180451126,-0.012219213909774438,"[-0.013645370793501614, -0.010860432415413531]",3.8626383479566764,"[3.0837820339737676, 4.970571289113648]",-2.859891160820005,35,0,0,35,5.820766091346741e-11
DAB_Block_3.DAB_Module_3_0.dconv3x1.bn_prelu.acti,encoder_3,0.02243296702470462,0.018620326960257783,0.0038126400644468315,"[0.0033717836117078417, 0.004255261495703545]",-0.20475688061677585,"[-0.22819643349451504, -0.18351434728156998]",2.8532041641372445,0,35,0,35,5.820766091346741e-11,0.02482614801288937,0.019199251718582173,0.005626896294307196,"[0.004878892060955961, 0.00644334775510204]",-0.2930789374911498,"[-0.32034714261304376, -0.26626865544050166]",2.3211999956580947,0,35,0,35,5.820766091346741e-11,0.006850454135338346,-0.0033536083243823848,0.01020406245972073,"[0.00862309246374866, 0.011830382062298606]",3.0427114536698183,"[2.3508972702401922, 3.95049033721775]",2.098245497026133,0,35,0,35,5.820766091346741e-11,-0.0030992350698174007,0.0037484430182599354,-0.0068476780880773365,"[-0.0076798163614393115, -0.006068801086197637]",1.8268059710978606,"[1.5212350956044831, 2.1964261789726156]",-2.7477980475736503,35,0,0,35,5.820766091346741e-11
DAB_Block_3.DAB_Module_3_0.ddconv1x3.bn_prelu.acti,encoder_3,0.02976711756176155,0.021672426745435017,0.00809469081632653,"[0.0071318593676154675, 0.009084774948979591]",-0.3735018192197402,"[-0.4013528018929444, -0.34540261919781556]",2.6755271687364153,0,35,0,35,5.820766091346741e-11,0.04563383292158969,0.029506638721804514,0.016127194199785175,"[0.013920365917024707, 0.018451967094522015]",-0.5465615501594788,"[-0.5883247045337431, -0.5028292445537408]",2.3102551324124865,0,35,0,35,5.820766091346741e-11,0.01930603496240602,0.0016509232545649836,0.017655111707841033,"[0.01501967745435016, 0.020408118157894742]",-10.694083846128352,"[-18.113188620604735, -7.4502162704612]",2.1177678185111595,0,35,0,35,5.820766091346741e-11,-0.006981912030075188,0.0013736029001074114,-0.008355514930182599,"[-0.009526666936090226, -0.0072160386103651995]",6.082918818480381,"[4.717321477314836, 8.394166734761612]",-2.3651956486610555,35,0,0,35,5.820766091346741e-11
DAB_Block_3.DAB_Module_3_0.ddconv3x1.bn_prelu.acti,encoder_3,0.019951077336197637,0.015556692749731474,0.004394384586466165,"[0.003778754456229861, 0.005020559061493017]",-0.282475501519564,"[-0.3105417325362567, -0.25434553849957087]",2.320683516422036,0,35,0,35,5.820766091346741e-11,0.022173597046186898,0.01657866514500537,0.005594931901181525,"[0.004755400252416757, 0.006452311741407089]",-0.33747782781336305,"[-0.36960225110713135, -0.30297202183647576]",2.180391476627205,0,35,0,35,5.820766091346741e-11,0.005213529484425349,-0.0015923872717508057,0.006805916756176155,"[0.005660306511815254, 0.007979311408431795]",4.27403363296992,"[3.425622065522743, 5.568330534095789]",1.8864703045487194,0,35,0,35,5.820766091346741e-11,-0.003258692051557465,0.0016144845864661654,-0.004873176638023631,"[-0.005708019899301826, -0.0040346517870569285]",3.0184101346487258,"[2.5227150858987577, 3.729725072796828]",-1.9080196196201737,35,0,0,35,5.820766091346741e-11
DAB_Block_4.DAB_Module_4_0.bn_relu.acti,decoder_4,0.1154729130773362,0.08360478469387755,0.03186812838345865,"[0.029905583207572504, 0.03380367056390977]",-0.38117589202753344,"[-0.4035142466487323, -0.3584146731908844]",5.3900672868642605,0,35,0,35,5.820766091346741e-11,0.12973537712137487,0.08919570273899033,0.04053967438238453,"[0.03758553057867883, 0.04354504070488722]",-0.45450255043131504,"[-0.48448064921273276, -0.4240290853327683]",4.42201057047154,0,35,0,35,5.820766091346741e-11,0.034222381417830294,0.01262904156820623,0.021593339849624058,"[0.01578153595663265, 0.02731251912191192]",-1.7098161988781135,"[-2.7970894500309673, -1.0176492111235385]",1.2178485278094238,3,32,0,35,4.176981747150421e-07,-0.01810649573039742,-0.009842314366272824,-0.008264181364124596,"[-0.011922964852980665, -0.004344305866675618]",-0.839658342192757,"[-1.5296650668398268, -0.363629866959818]",-0.7128988840349707,29,6,0,35,0.0001168418675661087
DAB_Block_4.DAB_Module_4_0.ca11.neuron,decoder_4,0.0,0.0,0.0,"[0.0, 0.0]",nan,"[NaN, NaN]",inf,0,0,35,35,1.0,0.0,0.0,0.0,"[0.0, 0.0]",nan,"[NaN, NaN]",inf,0,0,35,35,1.0,0.0,0.0,0.0,"[0.0, 0.0]",nan,"[NaN, NaN]",inf,0,0,35,35,1.0,0.0,0.0,0.0,"[0.0, 0.0]",nan,"[NaN, NaN]",inf,0,0,35,35,1.0
DAB_Block_4.DAB_Module_4_0.ca22.neuron,decoder_4,0.0,0.0,0.0,"[0.0, 0.0]",nan,"[NaN, NaN]",inf,0,0,35,35,1.0,0.0,0.0,0.0,"[0.0, 0.0]",nan,"[NaN, NaN]",inf,0,0,35,35,1.0,0.0,0.0,0.0,"[0.0, 0.0]",nan,"[NaN, NaN]",inf,0,0,35,35,1.0,0.0,0.0,0.0,"[0.0, 0.0]",nan,"[NaN, NaN]",inf,0,0,35,35,1.0
DAB_Block_4.DAB_Module_4_0.conv1x1.bn_prelu.acti,decoder_4,0.0,0.0,0.0,"[0.0, 0.0]",nan,"[NaN, NaN]",inf,0,0,35,35,1.0,0.0,0.0,0.0,"[0.0, 0.0]",nan,"[NaN, NaN]",inf,0,0,35,35,1.0,0.0,0.0,0.0,"[0.0, 0.0]",nan,"[NaN, NaN]",inf,0,0,35,35,1.0,0.0,0.0,0.0,"[0.0, 0.0]",nan,"[NaN, NaN]",inf,0,0,35,35,1.0
DAB_Block_4.DAB_Module_4_0.conv1x1_in.bn_prelu.acti,decoder_4,0.0,0.0,0.0,"[0.0, 0.0]",nan,"[NaN, NaN]",inf,0,0,35,35,1.0,0.0,0.0,0.0,"[0.0, 0.0]",nan,"[NaN, NaN]",inf,0,0,35,35,1.0,0.0,0.0,0.0,"[0.0, 0.0]",nan,"[NaN, NaN]",inf,0,0,35,35,1.0,0.0,0.0,0.0,"[0.0, 0.0]",nan,"[NaN, NaN]",inf,0,0,35,35,1.0
DAB_Block_4.DAB_Module_4_0.conv1x3.bn_prelu.acti,decoder_4,0.0,0.0,0.0,"[0.0, 0.0]",nan,"[NaN, NaN]",inf,0,0,35,35,1.0,0.0,0.0,0.0,"[0.0, 0.0]",nan,"[NaN, NaN]",inf,0,0,35,35,1.0,0.0,0.0,0.0,"[0.0, 0.0]",nan,"[NaN, NaN]",inf,0,0,35,35,1.0,0.0,0.0,0.0,"[0.0, 0.0]",nan,"[NaN, NaN]",inf,0,0,35,35,1.0
DAB_Block_4.DAB_Module_4_0.conv3x1.bn_prelu.acti,decoder_4,0.0,0.0,0.0,"[0.0, 0.0]",nan,"[NaN, NaN]",inf,0,0,35,35,1.0,0.0,0.0,0.0,"[0.0, 0.0]",nan,"[NaN, NaN]",inf,0,0,35,35,1.0,0.0,0.0,0.0,"[0.0, 0.0]",nan,"[NaN, NaN]",inf,0,0,35,35,1.0,0.0,0.0,0.0,"[0.0, 0.0]",nan,"[NaN, NaN]",inf,0,0,35,35,1.0
DAB_Block_4.DAB_Module_4_0.dconv1x3.bn_prelu.acti,decoder_4,0.0,0.0,0.0,"[0.0, 0.0]",nan,"[NaN, NaN]",inf,0,0,35,35,1.0,0.0,0.0,0.0,"[0.0, 0.0]",nan,"[NaN, NaN]",inf,0,0,35,35,1.0,0.0,0.0,0.0,"[0.0, 0.0]",nan,"[NaN, NaN]",inf,0,0,35,35,1.0,0.0,0.0,0.0,"[0.0, 0.0]",nan,"[NaN, NaN]",inf,0,0,35,35,1.0
DAB_Block_4.DAB_Module_4_0.dconv3x1.bn_prelu.acti,decoder_4,0.0,0.0,0.0,"[0.0, 0.0]",nan,"[NaN, NaN]",inf,0,0,35,35,1.0,0.0,0.0,0.0,"[0.0, 0.0]",nan,"[NaN, NaN]",inf,0,0,35,35,1.0,0.0,0.0,0.0,"[0.0, 0.0]",nan,"[NaN, NaN]",inf,0,0,35,35,1.0,0.0,0.0,0.0,"[0.0, 0.0]",nan,"[NaN, NaN]",inf,0,0,35,35,1.0
DAB_Block_4.DAB_Module_4_0.ddconv1x3.bn_prelu.acti,decoder_4,0.0,0.0,0.0,"[0.0, 0.0]",nan,"[NaN, NaN]",inf,0,0,35,35,1.0,0.0,0.0,0.0,"[0.0, 0.0]",nan,"[NaN, NaN]",inf,0,0,35,35,1.0,0.0,0.0,0.0,"[0.0, 0.0]",nan,"[NaN, NaN]",inf,0,0,35,35,1.0,0.0,0.0,0.0,"[0.0, 0.0]",nan,"[NaN, NaN]",inf,0,0,35,35,1.0
DAB_Block_4.DAB_Module_4_0.ddconv3x1.bn_prelu.acti,decoder_4,0.0,0.0,0.0,"[0.0, 0.0]",nan,"[NaN, NaN]",inf,0,0,35,35,1.0,0.0,0.0,0.0,"[0.0, 0.0]",nan,"[NaN, NaN]",inf,0,0,35,35,1.0,0.0,0.0,0.0,"[0.0, 0.0]",nan,"[NaN, NaN]",inf,0,0,35,35,1.0,0.0,0.0,0.0,"[0.0, 0.0]",nan,"[NaN, NaN]",inf,0,0,35,35,1.0
DAB_Block_5.DAB_Module_5_0.bn_relu.acti,decoder_5,0.21158002142857144,0.21077490836466165,0.0008051130639097752,"[-0.0010091092464419985, 0.0025381629618689543]",-0.003819776605082728,"[-0.011780060604408865, 0.004926834663013849]",0.14882691136972234,16,19,0,35,0.7358788008568808,0.2999441497717508,0.2778666252685284,0.022077524503222347,"[0.01619549461264769, 0.028298370615937145]",-0.0794536748768833,"[-0.09854984545368771, -0.060380815475054396]",1.2030045258183442,2,33,0,35,3.6729034036397934e-08,0.06108569579752954,0.032563270918367346,0.02852242487916219,"[0.01710140859056122, 0.03991494790883458]",-0.8759078579871438,"[-1.319268261207358, -0.5103032986497277]",0.8194828441823083,5,30,0,35,2.2361520677804947e-05,0.01700344291084855,0.005849147636949516,0.011154295273899033,"[0.008723772457371104, 0.013858942414070888]",-1.9069949958924768,"[-3.057905992361547, -1.255879574227733]",1.396881756538038,2,33,0,35,3.6729034036397934e-08
DAB_Block_5.DAB_Module_5_0.ca11.neuron,decoder_5,0.0,0.0,0.0,"[0.0, 0.0]",nan,"[NaN, NaN]",inf,0,0,35,35,1.0,0.0,0.0,0.0,"[0.0, 0.0]",nan,"[NaN, NaN]",inf,0,0,35,35,1.0,0.0,0.0,0.0,"[0.0, 0.0]",nan,"[NaN, NaN]",inf,0,0,35,35,1.0,0.0,0.0,0.0,"[0.0, 0.0]",nan,"[NaN, NaN]",inf,0,0,35,35,1.0
DAB_Block_5.DAB_Module_5_0.ca22.neuron,decoder_5,0.10811420566595059,0.09841828378088076,0.00969592188506982,"[0.008620099504564986, 0.010758760803571424]",-0.09851748590390898,"[-0.11125282831595988, -0.08697424657092633]",2.9506235550454845,0,35,0,35,5.820766091346741e-11,0.16921660633727176,0.14385474170247045,0.02536186463480129,"[0.022354497230800217, 0.02842908222274436]",-0.17630190242360125,"[-0.2025376838357343, -0.15239268411987347]",2.7156977559295727,0,35,0,35,5.820766091346741e-11,0.035897855424274976,-0.0018379088345864662,0.03773576425886144,"[0.0314641606317132, 0.043779087822905474]",20.53190209913327,"[-187.5864668308128, 195.8906290333012]",2.0017291067253664,2,33,0,35,3.6729034036397934e-08,-0.003990364044038668,0.006448371106337272,-0.010438735150375938,"[-0.011996513025644468, -0.008691509444817402]",1.6188173692604406,"[1.3779382427745008, 1.9769045980407998]",-2.064054623627832,33,2,0,35,3.6729034036397934e-08
DAB_Block_5.DAB_Module_5_0.conv1x1.bn_prelu.acti,decoder_5,0.11069183755370567,0.09245810371911921,0.018233733834586468,"[0.017171522822569816, 0.019321835948576796]",-0.19721077008002647,"[-0.21987609113555218, -0.17887048974231476]",5.485546303318873,0,35,0,35,5.820766091346741e-11,0.12528587757787327,0.10331459585123522,0.021971281726638026,"[0.020361280749194414, 0.023656665815319545]",-0.2126638694717922,"[-0.2330848702698178, -0.19621266799812087]",4.321508229366605,0,35,0,35,5.820766091346741e-11,0.00867132768528464,-0.02050404166219119,0.029175369347475832,"[0.025070655746509133, 0.033238553011882374]",1.4229082162505695,"[1.2719306642915225, 1.6185092462541877]",2.3251193049593173,0,35,0,35,5.820766091346741e-11,-0.0060310190386680985,0.011538887647690654,-0.017569906686358754,"[-0.019578624089352847, -0.015537917628558003]",1.5226690147966837,"[1.3136137273493032, 1.803356947556137]",-2.8596077087223026,35,0,0,35,5.820766091346741e-11
DAB_Block_5.DAB_Module_5_0.conv1x1_in.bn_prelu.acti,decoder_5,0.20706443249194417,0.1943971332706767,0.012667299221267452,"[0.010408090725026855, 0.01497357223214286]",-0.06516196513880503,"[-0.07659389330503667, -0.054346720837180784]",1.7786218115349772,2,33,0,35,3.6729034036397934e-08,0.2307367209989259,0.21251448743286785,0.018222233566058003,"[0.015280851719924807, 0.02127214856471536]",-0.08574584154792901,"[-0.0995854725746604, -0.07274201356010747]",1.9826983432467606,1,34,0,35,2.0954757928848267e-09,0.002237406713211601,-0.004794572932330827,0.0070319796455424275,"[0.0019998279591836744, 0.012111462226100963]",1.4666540158612023,"[0.21757298068024766, 6.97882989422251]",0.44778106795123646,11,24,0,35,0.04095959151163697,0.002419750617615468,0.0015744450053705693,0.0008453056122448977,"[-0.002831536765574651, 0.00447352736640709]",-0.5368911644176122,"[-11.891668240719065, 11.543986036894047]",0.07559267016875684,18,17,0,35,1.0
DAB_Block_5.DAB_Module_5_0.conv1x3.bn_prelu.acti,decoder_5,0.09976999930182598,0.09888698899033296,0.0008830103114930192,"[-0.00027470614997314615, 0.002020184899301826]",-0.008929489314103164,"[-0.019720978451001615, 0.0028831151256290648]",0.24761612633337213,13,22,0,35,0.17546524899080396,0.11752951949516649,0.11608440158431793,0.0014451179108485488,"[-5.383280746511366e-06, 0.0028660867890708906]",-0.012448855239167488,"[-0.024126564587956822, 4.791635182235844e-05]",0.33122810609372655,14,21,0,35,0.31050465907901525,-0.016825527497314714,-0.010511989285714287,-0.00631353821160043,"[-0.008795936682330826, -0.003857193782223415]",-0.6006035622753608,"[-1.0632351905381514, -0.31148037443260723]",-0.826029096720433,29,6,0,35,0.0001168418675661087,0.016269638909774436,0.010501816756176155,0.005767822153598282,"[0.004154865212137487, 0.007508596064044041]",-0.5492213668845635,"[-0.8905163638007352, -0.3368973907965419]",1.1197979470805868,4,31,0,35,3.4654513001441956e-06
DAB_Block_5.DAB_Module_5_0.conv3x1.bn_prelu.acti,decoder_5,0.18819286954887218,0.18705093031686357,0.0011419392320085894,"[-0.0009390431384264269, 0.0032082383485499437]",-0.006104964193838408,"[-0.017054655412405247, 0.005187268245327733]",0.17891702605970894,16,19,0,35,0.7358788008568808,0.21177478931256713,0.20583416100966703,0.0059406283029001025,"[0.0033758396509129943, 0.008489616002282487]",-0.028861236024962322,"[-0.0405454850977348, -0.016934087905558965]",0.7408958064500106,7,28,0,35,0.0005082604475319386,-0.01935928125671321,-0.015593886090225561,-0.0037653951664876474,"[-0.008410069877148228, 0.0007176867447636936]",-0.24146611977933094,"[-0.6610690482045077, 0.041938335200533604]",-0.27083100800011595,22,13,0,35,0.17546524899080396,0.01932767999462943,0.01034104277658432,0.008986637218045112,"[0.005366497251611171, 0.012564102115332975]",-0.8690262106249045,"[-1.6294227739899814, -0.4449068538132263]",0.830083435436924,6,29,0,35,0.0001168418675661087
DAB_Block_5.DAB_Module_5_0.dconv1x3.bn_prelu.acti,decoder_5,0.0,0.0,0.0,"[0.0, 0.0]",nan,"[NaN, NaN]",inf,0,0,35,35,1.0,0.0,0.0,0.0,"[0.0, 0.0]",nan,"[NaN, NaN]",inf,0,0,35,35,1.0,0.0,0.0,0.0,"[0.0, 0.0]",nan,"[NaN, NaN]",inf,0,0,35,35,1.0,0.0,0.0,0.0,"[0.0, 0.0]",nan,"[NaN, NaN]",inf,0,0,35,35,1.0
DAB_Block_5.DAB_Module_5_0.dconv3x1.bn_prelu.acti,decoder_5,0.0,0.0,0.0,"[0.0, 0.0]",nan,"[NaN, NaN]",inf,0,0,35,35,1.0,0.0,0.0,0.0,"[0.0, 0.0]",nan,"[NaN, NaN]",inf,0,0,35,35,1.0,0.0,0.0,0.0,"[0.0, 0.0]",nan,"[NaN, NaN]",inf,0,0,35,35,1.0,0.0,0.0,0.0,"[0.0, 0.0]",nan,"[NaN, NaN]",inf,0,0,35,35,1.0
DAB_Block_5.DAB_Module_5_0.ddconv1x3.bn_prelu.acti,decoder_5,0.11178788216971,0.10315185687432869,0.008636025295381308,"[0.007614163051154668, 0.009615590636412452]",-0.08372147198380243,"[-0.09457206194549578, -0.07339903321602416]",2.7849346279941702,0,35,0,35,5.820766091346741e-11,0.1984451560150376,0.17938975934479057,0.019055396670247044,"[0.016439956569548872, 0.021724889159505906]",-0.10622343627554674,"[-0.1250195630656323, -0.08938789980284118]",2.368741171973184,0,35,0,35,5.820766091346741e-11,0.02319313238453276,-0.0063038716433942,0.029497004027926963,"[0.023545555573979592, 0.03514011351100966]",4.6791885521395,"[2.95628432200054, 11.637306370674647]",1.6662206568114268,2,33,0,35,3.6729034036397934e-08,-0.003976509344790548,0.006462220435016111,-0.010438729779806658,"[-0.012032620649838883, -0.008716190051691731]",1.6153472145956955,"[1.3719804725421736, 1.9669120511219662]",-2.0640558670278706,33,2,0,35,3.6729034036397934e-08
DAB_Block_5.DAB_Module_5_0.ddconv3x1.bn_prelu.acti,decoder_5,0.07594937814178303,0.06985392000537057,0.006095458136412458,"[0.005392875932465088, 0.006762708225698172]",-0.08726007267657744,"[-0.09847581962358617, -0.07659789175325087]",2.891038968997999,0,35,0,35,5.820766091346741e-11,0.09571495099355531,0.0865396534103115,0.009175297583243824,"[0.007905095847207303, 0.010414182289876478]",-0.10602420071803229,"[-0.11721868595530648, -0.09442523499436316]",2.3943220024835004,0,35,0,35,5.820766091346741e-11,0.0008948272556390978,-0.016433671885069816,0.017328499140708914,"[0.013733418862781952, 0.020951721116407085]",1.054450841047402,"[0.9023228603774783, 1.2062282485724398]",1.578317833912208,2,33,0,35,3.6729034036397934e-08,0.000374618045112782,0.009588071831364125,-0.009213453786251343,"[-0.010459994068206229, -0.007891951884398497]",0.9609287402408327,"[0.8604694552591573, 1.0726610912490115]",-2.3114432055076906,34,1,0,35,2.0954757928848267e-09
DAB_Block_6.DAB_Module_6_0.bn_relu.acti,decoder_6,0.42735767232814176,0.38332210098348546,0.04403557134465628,"[0.04199425722786319, 0.0461084038968515]",-0.11487876966048839,"[-0.12131352089433575, -0.10867709070261079]",7.0003651728396825,0,35,0,35,5.820766091346741e-11,0.6094775510875403,0.5073940909808001,0.10208346010674006,"[0.09493033671019066, 0.10981687707471804]",-0.2011916613167713,"[-0.2182972224556882, -0.18537198531956645]",4.436852768799725,0,35,0,35,5.820766091346741e-11,0.14183528125671324,0.009205661744763696,0.13262961951194954,"[0.1178004157218381, 0.14730526373078345]",-14.407396577154387,"[-109.00154447058327, -4.813664644721362]",2.929269674254405,0,35,0,35,5.820766091346741e-11,-0.013981875939849626,0.029372662288533836,-0.04335453822838346,"[-0.04770302470654873, -0.03910119760808272]",1.4760166375966441,"[1.3401700319831675, 1.6206615661643677]",-3.289318930492481,35,0,0,35,5.820766091346741e-11
DAB_Block_6.DAB_Module_6_0.ca11.neuron,decoder_6,0.16620070188641245,0.13848921993152524,0.027711481954887214,"[0.023826119447838346, 0.032100859546019066]",-0.20009847675211762,"[-0.2371261015298154, -0.1686209234691005]",2.197687014693905,0,35,0,35,5.820766091346741e-11,0.3134181151114393,0.21795528709720732,0.095462828014232,"[0.08287573952151586, 0.10939011260086601]",-0.4379927153208074,"[-0.5159689592051642, -0.3721094814229261]",2.3429046170059773,0,35,0,35,5.820766091346741e-11,0.2206667845394737,0.11608398645273899,0.1045827980867347,"[0.08955422193038401, 0.12018649987479858]",-0.9009235578700019,"[-1.0970377992075342, -0.7291069160248348]",2.2164904232261002,1,34,0,35,2.0954757928848267e-09,-0.049980481968313645,-0.0327730565386681,-0.01720742542964554,"[-0.01960267576362782, -0.014880856106840763]",-0.5250479279936231,"[-0.634716744449555, -0.4304377178128768]",-2.3947265069346195,34,1,0,35,2.0954757928848267e-09
DAB_Block_6.DAB_Module_6_0.ca22.neuron,decoder_6,0.10349815048335123,0.13990667149570352,-0.03640852101235231,"[-0.03848204159556257, -0.03434779410277927]",0.2602343449609576,"[0.2464575634574206, 0.2733788030942749]",-5.713928709873881,35,0,0,35,5.820766091346741e-11,0.17669648553302902,0.1896314753423738,-0.01293498980934479,"[-0.016395599656115735, -0.009086896290614937]",0.0682111964060346,"[0.04729728772880171, 0.08745813153819403]",-1.1671489854421015,32,3,0,35,4.176981747150421e-07,-0.009100350221535982,-0.00736766148630505,-0.0017326887352309356,"[-0.008941344636311762, 0.005530441498892304]",-0.23517485683233955,"[-3.280799445385063, 0.5537955510086522]",-0.07756371455040695,20,15,0,35,0.49955983320251107,0.03162828729189044,-0.015702871817937704,0.04733115910982815,"[0.04477737040950591, 0.04980552930686089]",3.0141721628116978,"[2.5766247972146514, 3.737181079983998]",6.116524819628607,0,35,0,35,5.820766091346741e-11
DAB_Block_6.DAB_Module_6_0.conv1x1.bn_prelu.acti,decoder_6,0.27241851322502686,0.25080343702671853,0.02161507619830827,"[0.01885216732042159, 0.02427016832329148]",-0.08618333326909564,"[-0.09793681897398274, -0.0742842879012984]",2.5792550594720884,0,35,0,35,5.820766091346741e-11,0.3379434283263963,0.29137208724154134,0.046571341084854986,"[0.04217438136924342, 0.05111540717801759]",-0.1598346002383141,"[-0.17715094018050104, -0.1433956590483334]",3.3381877750702533,0,35,0,35,5.820766091346741e-11,0.010323478373388829,-0.035108228984291084,0.04543170735767991,"[0.03621295221032493, 0.055262742934260874]",1.2940472553602176,"[0.9949039190578803, 1.7082411637104424]",1.5602619849999586,3,32,0,35,4.176981747150421e-07,0.01947678111573577,0.02524046204350161,-0.0057636809277658435,"[-0.011438350818676156, -0.00040256198501275535]",0.2283508486426362,"[0.016074478988068325, 0.4565835495039541]",-0.33820809548157854,21,14,0,35,0.31050465907901525
DAB_Block_6.DAB_Module_6_0.conv1x1_in.bn_prelu.acti,decoder_6,0.30064584413936624,0.26531360169844254,0.03533224244092374,"[0.033775402173402254, 0.03700785485650511]",-0.13317162111078873,"[-0.14082036149619845, -0.1260854195282458]",7.114395805421364,0,35,0,35,5.820766091346741e-11,0.3267870088547261,0.28129073211600425,0.04549627673872181,"[0.04330466348482813, 0.047801881985767986]",-0.16174111530969035,"[-0.17150564573281474, -0.15254056891029116]",6.556576260722864,0,35,0,35,5.820766091346741e-11,-0.016779666789742215,-0.054049796576262084,0.03727012978651987,"[0.030885643370703545, 0.04369431166454081]",0.6895517124460074,"[0.6014898036195502, 0.7735759060650114]",1.8733574639979222,1,34,0,35,2.0954757928848267e-09,0.03562442557062298,0.04588357039473685,-0.010259144824113857,"[-0.015178963012385874, -0.00568673398596939]",0.22359081335332753,"[0.12977811319833943, 0.3146941345088494]",-0.721644409130777,27,8,0,35,0.001878225477412343
DAB_Block_6.DAB_Module_6_0.conv1x3.bn_prelu.acti,decoder_6,0.2976925326732009,0.2578197297328142,0.039872802940386684,"[0.03735688340259129, 0.04232269490366541]",-0.15465380784359675,"[-0.16878947382617493, -0.14097549383231214]",5.1600021612077365,0,35,0,35,5.820766091346741e-11,0.3356367105598818,0.2803961164070891,0.055240594152792685,"[0.05171257213882922, 0.05872096911368822]",-0.19700912716134922,"[-0.2135437798973436, -0.18064970420804755]",5.099540598262223,0,35,0,35,5.820766091346741e-11,-0.021420166480934477,-0.06259451922663802,0.041174352745703545,"[0.034114030030209457, 0.048001719983888295]",0.6577948557544187,"[0.5113466325855456, 0.8193862311972698]",1.9371955126373794,1,34,0,35,2.0954757928848267e-09,0.026283679135338342,0.04722560810284641,-0.02094192896750805,"[-0.024884866234391786, -0.016881340077369765]",0.4434443474375472,"[0.3407237941594512, 0.5474034093525106]",-1.7061635820154815,32,3,0,35,4.176981747150421e-07
DAB_Block_6.DAB_Module_6_0.conv3x1.bn_prelu.acti,decoder_6,0.2957447079350161,0.2691253277121375,0.026619380222878623,"[0.023934997444616, 0.029175161570555858]",-0.09891072107249348,"[-0.10956309223979414, -0.08814610932584588]",3.273251698719373,0,35,0,35,5.820766091346741e-11,0.32155265365198715,0.2878363988184747,0.03371625483351236,"[0.03070323521264098, 0.03671870260069818]",-0.11713687001335689,"[-0.12910198776340645, -0.1054600447236552]",3.6657203374473233,0,35,0,35,5.820766091346741e-11,-0.02732064289742213,-0.05109512200590762,0.023774479108485496,"[0.020523649710996242, 0.026991658789272285]",0.4652984115731573,"[0.40516043517275585, 0.5219527321405864]",2.3726407597223216,1,34,0,35,2.0954757928848267e-09,0.03693758931928035,0.045068349449516654,-0.008130760130236307,"[-0.010642382081599086, -0.005553885704383729]",0.18040953861299,"[0.1262002262118168, 0.23111220481089367]",-1.039560844751128,28,7,0,35,0.0005082604475319386
DAB_Block_6.DAB_Module_6_0.dconv1x3.bn_prelu.acti,decoder_6,0.3643493900577337,0.26319029728786253,0.1011590927698711,"[0.09942044220394736, 0.10279127290598146]",-0.38435722673784256,"[-0.39385212861435526, -0.37501707042799093]",19.3382933829177,0,35,0,35,5.820766091346741e-11,0.7531615831028464,0.5268848181323845,0.22627676497046187,"[0.21739268852594656, 0.2352033076062366]",-0.4294615391890222,"[-0.45200497312695626, -0.40781684225368053]",8.386697813864856,0,35,0,35,5.820766091346741e-11,0.4469297586130505,0.12004048213614392,0.3268892764769065,"[0.31491948021079486, 0.3394243162117347]",-2.723158643316386,"[-3.172032601953053, -2.3826521118305637]",8.773854010452679,0,35,0,35,5.820766091346741e-11,-0.07360375463882922,0.012441437996777658,-0.08604519263560688,"[-0.08976153150862648, -0.08216051897254296]",6.9160166741089455,"[5.692422181536379, 8.861635125486002]",-7.461084238711507,35,0,0,35,5.820766091346741e-11
DAB_Block_6.DAB_Module_6_0.dconv3x1.bn_prelu.acti,decoder_6,0.17136770020139636,0.14668372471804514,0.024683975483351234,"[0.02171425733686896, 0.027649970142320082]",-0.1682802610228139,"[-0.19235766248725247, -0.14570793549704603]",2.733666575487745,0,35,0,35,5.820766091346741e-11,0.23292438261949516,0.20006032647690655,0.03286405614258862,"[0.028699206017722884, 0.03718739517655746]",-0.16427073134053985,"[-0.18928032442906295, -0.14152224187124288]",2.5372619024155822,0,35,0,35,5.820766091346741e-11,0.014348129826799142,-0.02329183843984962,0.037639968266648755,"[0.03219075812567132, 0.043009707335358485]",1.6160153421917594,"[1.2843286529674334, 2.1360153572700824]",2.240062612173231,0,35,0,35,5.820766091346741e-11,-0.022231543555316858,0.0027087314715359824,-0.024940275026852848,"[-0.028466100968884262, -0.021456421689211875]",9.207363405686904,"[-46.70260960862216, 72.76178988669766]",-2.2889373190873825,35,0,0,35,5.820766091346741e-11
DAB_Block_6.DAB_Module_6_0.ddconv1x3.bn_prelu.acti,decoder_6,0.10582284346804512,0.14264350739124598,-0.03682066392320086,"[-0.03885809610230935, -0.03465810167763158]",0.2581306685218296,"[0.2439967571979395, 0.27111958185028456]",-5.783356588581858,35,0,0,35,5.820766091346741e-11,0.19767546421858218,0.21361438139769065,-0.015938917179108482,"[-0.019323250996408428, -0.012325555548133723]",0.07461537502680889,"[0.05731511836172069, 0.09141553132840208]",-1.4804596712124787,32,3,0,35,4.176981747150421e-07,-0.014449542843716433,-0.0050454614863050485,-0.009404081357411387,"[-0.016388209284203814, -0.0021379273051490362]",-1.8638694166900263,"[-18.645724613262566, 6.0877338130336]",-0.4319841636230164,26,9,0,35,0.0059881205670535564,0.03219840986842105,-0.015163274744897958,0.04736168461331902,"[0.0448703437610768, 0.04984052986170785]",3.123446973699066,"[2.6563221137410062, 3.8860574205461953]",6.053923104020293,0,35,0,35,5.820766091346741e-11
DAB_Block_6.DAB_Module_6_0.ddconv3x1.bn_prelu.acti,decoder_6,0.08398208586197636,0.11344181624597206,-0.0294597303839957,"[-0.03127941632502013, -0.027586336139064173]",0.25969022146224424,"[0.24494760446699876, 0.2740210218408001]",-5.173153478658304,35,0,0,35,5.820766091346741e-11,0.11418767793367347,0.1323793827873255,-0.018191704853651982,"[-0.020374110130404133, -0.0156699294226638]",0.13742098256250346,"[0.11764856089171649, 0.15497039012489214]",-2.5199633239761594,34,1,0,35,2.0954757928848267e-09,-0.00770845117481203,0.008257096656820624,-0.015965547831632648,"[-0.02014889778950725, -0.011502193735398765]",1.933554673656945,"[1.477702163951169, 2.7237269817249783]",-1.2067617287527979,31,4,0,35,3.4654513001441956e-06,0.023511702866541355,-0.017723427685284645,0.04123513055182599,"[0.038798413693944676, 0.04367752993488184]",2.3265889242216153,"[2.11673264505015, 2.625445137962637]",5.604557424312945,0,35,0,35,5.820766091346741e-11
LC1.bn_prelu.acti,decoder_6,0.3407419029437433,0.2605144215930451,0.08022748135069817,"[0.07611844198677496, 0.08461241712624196]",-0.30795792747329426,"[-0.3300673007904938, -0.28775643606181]",6.046885389376171,0,35,0,35,5.820766091346741e-11,0.40702960206095595,0.27266664459586476,0.1343629574650913,"[0.12528220293921188, 0.14465495552136481]",-0.49277372252201374,"[-0.5362787420194535, -0.45454314897551523]",4.4833005754495465,0,35,0,35,5.820766091346741e-11,0.1633006082841031,-0.015176917011278193,0.1784775252953813,"[0.16871227216501078, 0.18992345183891648]",11.759801095489417,"[7.722873992406145, 25.627929487394592]",5.431294142749027,0,35,0,35,5.820766091346741e-11,-0.027401286013023628,0.026144784667024704,-0.05354607068004834,"[-0.05896740134113185, -0.04812584695362849]",2.0480593495797152,"[1.7098376660830332, 2.4837769446490507]",-3.2328088809618536,35,0,0,35,5.820766091346741e-11
LC2.bn_prelu.acti,decoder_5,0.24050529483082705,0.2081796490198711,0.03232564581095596,"[0.02972982909002416, 0.03482686558539205]",-0.15527764583689166,"[-0.17090789687272967, -0.14011637334544513]",4.1271001560147385,0,35,0,35,5.820766091346741e-11,0.2617545653061225,0.21720344759667023,0.04455111770945219,"[0.04106540305216166, 0.04781587198073308]",-0.20511238749847197,"[-0.22448586792351266, -0.1860599370662239]",4.29045219723134,0,35,0,35,5.820766091346741e-11,0.013896705639097744,-0.008891077054242752,0.022787782693340492,"[0.018880629111506442, 0.02657519558035714]",2.5629946241964405,"[1.8338880933320132, 4.129625021489637]",1.9188562111267338,2,33,0,35,3.6729034036397934e-08,0.016933224597207305,0.019586259599892592,-0.0026530350026852854,"[-0.007230045863990333, 0.002404072227107945]",0.13545388741298192,"[-0.12894900924634775, 0.35474295317635857]",-0.17788805447389988,26,9,0,35,0.0059881205670535564
LC3.bn_prelu.acti,decoder_4,0.2116215376745435,0.1806715637218045,0.030949973952738987,"[0.02502237298402255, 0.036490565439715364]",-0.17130517561908812,"[-0.19591514297068685, -0.14317779958344048]",1.8033418305318216,2,33,0,35,3.6729034036397934e-08,0.23284952373791623,0.18778097545649838,0.04506854828141782,"[0.0375436982015306, 0.052709488884935554]",-0.24000593335856055,"[-0.27094082869923397, -0.2071015239159278]",1.9212527603881056,1,34,0,35,2.0954757928848267e-09,0.009758268796992481,-0.014240289957035444,0.023998558754027927,"[0.013151596272153598, 0.03454418598751342]",1.6852577318603958,"[1.1226653396343835, 2.285105282615019]",0.735695496736388,9,26,0,35,0.0059881205670535564,0.011652880424274972,0.01380703104189044,-0.002154150617615468,"[-0.00907199211264769, 0.004914014720059075]",0.1560183801339904,"[-0.507476667622286, 0.530773253323777]",-0.10096669997597967,19,16,0,35,0.7358788008568808
downsample_1.conv3x3.bn_prelu.acti,encoder_1,0.07038011150308807,0.05589888730867347,0.014481224194414609,"[0.013278838627945422, 0.015676971485340023]",-0.2590610456063164,"[-0.28389298839562666, -0.23447888391160834]",3.953347654116442,0,35,0,35,5.820766091346741e-11,0.07428867114829485,0.057463756290279264,0.01682491485801557,"[0.01553362112328813, 0.01813738803932264]",-0.2927917690069582,"[-0.31830859285303326, -0.26783988628997274]",4.221764135224121,0,35,0,35,5.820766091346741e-11,0.021356387330491406,-0.01152733850698174,0.03288372583747315,"[0.03120735206255035, 0.03461210149373154]",2.8526728713272824,"[2.6068786349381177, 3.1649376363078985]",6.264089388708833,0,35,0,35,5.820766091346741e-11,-0.012922186190923736,0.012418715635069818,-0.025340901825993557,"[-0.026699853202705428, -0.024023885139215228]",2.0405412742065003,"[1.8800808567385958, 2.240344250891887]",-6.062943017269612,35,0,0,35,5.820766091346741e-11
downsample_2.conv3x3.bn_prelu.acti,encoder_2,0.09404169035647154,0.08653473658700322,0.007506953769468313,"[0.0067090580982310695, 0.008281780528665414]",-0.08675075542549002,"[-0.09748130155087399, -0.07623842550696426]",3.1251933369528553,0,35,0,35,5.820766091346741e-11,0.10091249116205693,0.08996787913198175,0.010944612030075188,"[0.01002722009348147, 0.01183260244730129]",-0.12165021711826259,"[-0.13406890125242163, -0.10965738180751029]",3.951662711488878,0,35,0,35,5.820766091346741e-11,0.014347248445891513,-0.00500652275443072,0.019353771200322237,"[0.017242498814866412, 0.0213666509973315]",3.865711223062823,"[3.0528668736643434, 5.3155493701737955]",3.070959465394356,0,35,0,35,5.820766091346741e-11,-0.0014178436560150377,0.0071479430652524175,-0.008565786721267454,"[-0.01008279548553303, -0.007018178846334587]",1.1983568759672218,"[1.0030635643117032, 1.430437456762109]",-1.838740995098884,34,1,0,35,2.0954757928848267e-09
downsample_3.conv3x3.bn_prelu.acti,encoder_3,0.17641070051020408,0.14628509637486573,0.03012560413533835,"[0.026750862629564973, 0.0334554061452739]",-0.20593761689939621,"[-0.22127187710895435, -0.1892618508606566]",2.941131822067987,0,35,0,35,5.820766091346741e-11,0.1900559122180451,0.15281874014500535,0.03723717207303975,"[0.03298083185217509, 0.041564642892722874]",-0.24366888535860498,"[-0.26231189096644386, -0.22365907040756952]",2.8104073810261614,0,35,0,35,5.820766091346741e-11,0.02793929465628357,-0.010998890198711064,0.03893818485499463,"[0.03322287675617615, 0.044502428276718575]",3.5401921604379423,"[2.7213464011717416, 5.465914278191742]",2.249118047542142,0,35,0,35,5.820766091346741e-11,-0.005678941460794844,0.016626058566058,-0.022305000026852848,"[-0.025600542519468316, -0.018949112322099896]",1.3415687150524278,"[1.1772102208225892, 1.5704500209610752]",-2.1814277594153983,35,0,0,35,5.820766091346741e-11
init_conv.0.bn_prelu.acti,stem,0.13234851797798067,0.09220945042398128,0.040139067553999395,"[0.03788997523636275, 0.04231741966848273]",-0.43530318605564816,"[-0.4637044459938442, -0.4049209550139219]",5.968741504793245,0,35,0,35,5.820766091346741e-11,0.1399837313951732,0.0928497361208546,0.0471339952743186,"[0.04424118987216576, 0.04991363611308718]",-0.5076373638043331,"[-0.5354172702338066, -0.4753619263175767]",5.486366434280332,0,35,0,35,5.820766091346741e-11,0.08160606832203277,0.005742579231840762,0.075863489090192,"[0.07205226156291956, 0.0800508217307761]",-13.210699587661455,"[-27.218954771203894, -8.711019011624119]",6.204206692031549,0,35,0,35,5.820766091346741e-11,-0.030771137729298133,-0.0028631380840494092,-0.027907999645248722,"[-0.02936324030078335, -0.026502926677059908]",-9.747346731449895,"[-39.543877896500014, -5.234539066464222]",-6.428088578744832,35,0,0,35,5.820766091346741e-11
init_conv.1.bn_prelu.acti,stem,0.14429461281719927,0.11009017827783046,0.03420443453936879,"[0.03311662495963681, 0.035295432422989485]",-0.3106946966063435,"[-0.3261032429241892, -0.29529743775085854]",10.328858289428327,0,35,0,35,5.820766091346741e-11,0.15022226106809292,0.1109070028260523,0.03931525824204065,"[0.0380348305420525, 0.04060365788142842]",-0.3544885105560293,"[-0.3707711119726449, -0.33790276731885105]",10.006380062691228,0,35,0,35,5.820766091346741e-11,0.06821904186662946,0.010854675816074785,0.05736436605055467,"[0.05531308309646098, 0.059444416622735335]",-5.284760873798117,"[-6.362164083566351, -4.495720168292678]",9.034987832271652,0,35,0,35,5.820766091346741e-11,-0.03613739536830358,-0.005722291165098852,-0.030415104203204712,"[-0.03189652649217387, -0.02890324179590211]",-5.31519688978974,"[-7.715822679931676, -4.013058749356797]",-6.804311118915382,35,0,0,35,5.820766091346741e-11
init_conv.2.bn_prelu.acti,stem,0.13651109677556056,0.11491416002534238,0.021596936750218176,"[0.020634938408780047, 0.02261273601630681]",-0.1879397347155071,"[-0.19800484151297718, -0.1779298299911973]",7.221416687841434,0,35,0,35,5.820766091346741e-11,0.14396011432095862,0.11800356887755105,0.025956545443407628,"[0.02485687166618765, 0.02715433084392412]",-0.2199640713438247,"[-0.23112233839872304, -0.2091769040561052]",7.332442343255554,0,35,0,35,5.820766091346741e-11,0.04808563009868421,0.0018471943860767991,0.04623843571260741,"[0.04426117334976671, 0.04837840154211912]",-25.03171082649934,"[-164.6460492057392, 75.01214787135439]",7.299784386382241,0,35,0,35,5.820766091346741e-11,-0.021864835859878494,0.004147502831716568,-0.026012338691595062,"[-0.02743560651261245, -0.02447996245677321]",6.271807337339196,"[4.72463139287933, 9.546781752693951]",-5.774662286793306,35,0,0,35,5.820766091346741e-11
upsample_1.relu,decoder_4,0.19666672879967778,0.19996245065789475,-0.0032957218582169664,"[-0.004934949837540275, -0.0017340088295515529]",0.01648170367673403,"[0.008885255996984314, 0.02402563880062968]",-0.6639859397930638,27,8,0,35,0.001878225477412343,0.21000345984156824,0.22406786194951664,-0.01406440210794844,"[-0.017138015313842642, -0.011082261309747585]",0.062768493373303,"[0.05143001346715633, 0.0738542200155596]",-1.510822585096769,32,3,0,35,4.176981747150421e-07,-0.012681132505370568,0.02804427408700322,-0.04072540659237378,"[-0.04703397056156015, -0.03466134473919173]",1.4521825905006214,"[1.3318050472151457, 1.6083158604423244]",-2.123638937692894,35,0,0,35,5.820766091346741e-11,-0.004346414500537058,-0.013753764178302902,0.009407349677765844,"[0.0071981409213882925, 0.011609371583982276]",0.683983639373889,"[0.5608902997439752, 0.8195539875917911]",1.3913183903189532,3,32,0,35,4.176981747150421e-07
upsample_2.relu,decoder_5,0.27295823459653595,0.249259395495435,0.023698839101100967,"[0.021964672119696566, 0.025337292307582575]",-0.0950770142645836,"[-0.10212015608155194, -0.08768132256112825]",4.6684335176408815,0,35,0,35,5.820766091346741e-11,0.28967307453007524,0.2805593152322771,0.009113759297798072,"[0.006881138898529811, 0.011305597415917029]",-0.0324842512901515,"[-0.04101197839106614, -0.024129707992396516]",1.3439759236965614,6,29,0,35,0.0001168418675661087,0.024936794293770142,-0.0030284703678839955,0.027965264661654138,"[0.02133117025149369, 0.03404369004615332]",9.234121937667688,"[-85.31021999723933, 92.53625499900814]",1.439062108475212,2,33,0,35,3.6729034036397934e-08,-0.04529374602913534,0.00960819868085392,-0.054901944709989256,"[-0.05799544530838817, -0.05135974699827135]",5.714072588797665,"[4.0336489112627545, 9.68610668220583]",-5.472540115079484,35,0,0,35,5.820766091346741e-11
upsample_3.relu,decoder_6,0.2992039812088816,0.303678712206297,-0.00447473099741541,"[-0.006916719006759354, -0.0021110320701656403]",0.014735082893711716,"[0.006982990244620955, 0.022701092466346114]",-0.6080938972379235,26,9,0,35,0.0059881205670535564,0.3662498699281686,0.35457320579350154,0.011676664134667024,"[0.0074493967960148665, 0.015785504286993986]",-0.03293160324547305,"[-0.04466992335066551, -0.020954507654146633]",0.9105969538804205,4,31,0,35,3.4654513001441956e-06,-0.29730709462607413,0.04610487679578411,-0.34341197142185825,"[-0.3574327778552757, -0.33055204090615775]",7.448495588502696,"[6.343695662132784, 9.051470451004258]",-8.283772651603012,35,0,0,35,5.820766091346741e-11,0.18942719652926962,-0.018294088741104993,0.20772128527037456,"[0.2025439362247835, 0.2129043068049099]",11.35455765028873,"[9.533100984462848, 14.251275155898574]",13.223341171758214,0,35,0,35,5.820766091346741e-11
